Channel_DNA,ExecutionTime_01Images,ExecutionTime_02Metadata,ExecutionTime_03NamesAndTypes,ExecutionTime_04Groups,ExecutionTime_05MeasureImageQuality,FileName_DNA,Frame_DNA,Group_Index,Group_Number,Height_DNA,ImageNumber,ImageQuality_Correlation_DNA_20,ImageQuality_FocusScore_DNA,ImageQuality_LocalFocusScore_DNA_20,ImageQuality_MADIntensity_DNA,ImageQuality_MaxIntensity_DNA,ImageQuality_MeanIntensity_DNA,ImageQuality_MedianIntensity_DNA,ImageQuality_MinIntensity_DNA,ImageQuality_PercentMaximal_DNA,ImageQuality_PercentMinimal_DNA,ImageQuality_PowerLogLogSlope_DNA,ImageQuality_Scaling_DNA,ImageQuality_StdIntensity_DNA,ImageQuality_ThresholdOtsu_DNA_2W,ImageQuality_TotalArea_DNA,ImageQuality_TotalIntensity_DNA,ImageSet_ImageSet,MD5Digest_DNA,Metadata_FileLocation,Metadata_Frame,Metadata_Series,ModuleError_01Images,ModuleError_02Metadata,ModuleError_03NamesAndTypes,ModuleError_04Groups,ModuleError_05MeasureImageQuality,PathName_DNA,ProcessingStatus,Scaling_DNA,Series_DNA,URL_DNA,Width_DNA
-1,0,0,1.8125,0,0.265625,1.tif,0,1,1,511,1,0.32655541883080763,0.5314587641431101,0.12683407458829732,0.0,1.0,0.015135349017134299,0.0,0.0,0.4277710333523539,91.59431834283723,-0.880117359965842,255,0.08968731,0.011741884560408061,261121,3952.1575,eLt4nHt2G00HVCrD9A31SjLTwOUVzEFAf4IswizZQAxE6Qb2KZABDiQgDQw6OwAxoH5o,3b2d6ca760c057ff1e8c3b04384e031c,file:///F:/bigneuron/BigNeurongit/Data/gold166_wids/1/1.tif,0,0,0,0,0,0,0,F:\bigneuron\BigNeurongit\Data\gold166_wids\1,Done,255,0,file:///F:/bigneuron/BigNeurongit/Data/gold166_wids/1/1.tif,511
-1,0,0,2.5,0,0.421875,100.tif,0,2,1,511,2,0.16362928405061627,0.6292131240807648,2.743008399842582,0.0,1.0,0.002166766395685573,0.0,0.0,0.0834861998843448,97.48813768329624,-0.7108855791390715,255,0.036923677,0.016637806376945247,261121,565.7882,eLt4nHt2G00HVCrDDAxAWK8kMw1cZsEcBfQryDLM0g3EQJRwYN8CGeCAAtLA4LMDAA0+fyg=,e9ab4de070741052cbe51ac55fcc3149,file:///F:/bigneuron/BigNeurongit/Data/gold166_wids/100/100.tif,0,0,0,0,0,0,0,F:\bigneuron\BigNeurongit\Data\gold166_wids\100,Done,255,0,file:///F:/bigneuron/BigNeurongit/Data/gold166_wids/100/100.tif,511
-1,0,0,2.59375,0,0.4375,101.tif,0,3,1,512,3,0.5759722249228235,0.40852665553335127,0.0008002049418344493,0.011764706,1.0,0.2613685727119446,0.011764706,0.0,0.2941131591796875,17.762374877929688,0.4613692059755571,255,0.326766,0.042418252937156994,262144,68516.2,eLt4nHt2G00HVCrDDAxBWK8kMw1cZsEcBfQryDLM0g3EQJRwYN8CGeCAAtLA4LMDAA3cfyo=,1bc8995db77ac33936abd62c692da22c,file:///F:/bigneuron/BigNeurongit/Data/gold166_wids/101/101.tif,0,0,0,0,0,0,0,F:\bigneuron\BigNeurongit\Data\gold166_wids\101,Done,255,0,file:///F:/bigneuron/BigNeurongit/Data/gold166_wids/101/101.tif,512
-1,0,0,2.53125,0,0.34375,102.tif,0,4,1,512,4,0.5953633487750595,0.3958018503709015,0.0029816811451505183,0.011764706,1.0,0.25937318801879883,0.011764706,0.0,0.196075439453125,28.797149658203125,0.462939999775451,255,0.3204066,0.04640062644290809,262144,67993.125,eLt4nHt2G00HVCrDDIxAWK8kMw1cZsEcBfQryDLM0g3EQJRwYN8CGeCAAtLA4LMDAA56fyw=,92f8c8a7ffe2947ab7c52ad5e2fe9bfe,file:///F:/bigneuron/BigNeurongit/Data/gold166_wids/102/102.tif,0,0,0,0,0,0,0,F:\bigneuron\BigNeurongit\Data\gold166_wids\102,Done,255,0,file:///F:/bigneuron/BigNeurongit/Data/gold166_wids/102/102.tif,512
-1,0,0,2.421875,0,0.453125,103.tif,0,5,1,512,5,0.6490988548842304,0.4040548769490247,0.0019274386239776717,0.011764706,1.0,0.27842608094215393,0.011764706,0.0,0.380706787109375,37.04071044921875,0.13116300928950242,255,0.3354093,0.044019499494783176,262144,72987.73,eLt4nHt2G00HVCrDDIxBWK8kMw1cZsEcBfQryDLM0g3EQJRwYN8CGeCAAtLA4LMDAA8Yfy4=,b3fd67fdd6411d67798fd7888902c577,file:///F:/bigneuron/BigNeurongit/Data/gold166_wids/103/103.tif,0,0,0,0,0,0,0,F:\bigneuron\BigNeurongit\Data\gold166_wids\103,Done,255,0,file:///F:/bigneuron/BigNeurongit/Data/gold166_wids/103/103.tif,512
-1,0,0,2.28125,0,0.375,104.tif,0,6,1,512,6,0.57918731096644,0.4079623323276209,0.00141061623584994,0.011764706,1.0,0.26157090067863464,0.011764706,0.0,0.2582550048828125,22.332000732421875,0.4784552140459212,255,0.32666662,0.042418252937156994,262144,68569.24,eLt4nHt2G00HVCrDDExAWK8kMw1cZsEcBfQryDLM0g3EQJRwYN8CGeCAAtLA4LMDAA+2fzA=,058586ce0af2c6a38fd1f3ba21aa8182,file:///F:/bigneuron/BigNeurongit/Data/gold166_wids/104/104.tif,0,0,0,0,0,0,0,F:\bigneuron\BigNeurongit\Data\gold166_wids\104,Done,255,0,file:///F:/bigneuron/BigNeurongit/Data/gold166_wids/104/104.tif,512
-1,0,0,0.453125,0,1.5625,105.tif,0,7,1,640,7,0.22413491103874972,0.06468495347260282,0.376741076161424,0.019607846,1.0,0.07048662662506104,0.0627451,0.007843138,0.21630859375,0.381103515625,-0.7484810498381214,255,0.06752351,0.056828929774763885,409600,28871.322,eLt4nHt2G00HVCrDDExBWK8kMw1cZsEcBfQryDLM0g3EQJRwYN8CGeCAAtLA4LMDABBUfzI=,b68fd11ee79e726ae7ad97ea4d55c246,file:///F:/bigneuron/BigNeurongit/Data/gold166_wids/105/105.tif,0,0,0,0,0,0,0,F:\bigneuron\BigNeurongit\Data\gold166_wids\105,Done,255,0,file:///F:/bigneuron/BigNeurongit/Data/gold166_wids/105/105.tif,640
-1,0,0,0.4375,0,0.765625,106.tif,0,8,1,640,8,0.0991811609045311,0.04130128869254964,0.1235044005101975,0.023529414,1.0,0.08957630157470703,0.08235294,0.015686275,0.126953125,0.1376953125,-0.8778564745810323,255,0.060824476,0.07644545184760324,409600,36690.453,eLt4nHt2G00HVCrDDMxAWK8kMw1cZsEcBfQryDLM0g3EQJRwYN8CGeCAAtLA4LMDABDyfzQ=,a9ecd791aaa3768677973fb80478a7e5,file:///F:/bigneuron/BigNeurongit/Data/gold166_wids/106/106.tif,0,0,0,0,0,0,0,F:\bigneuron\BigNeurongit\Data\gold166_wids\106,Done,255,0,file:///F:/bigneuron/BigNeurongit/Data/gold166_wids/106/106.tif,640
-1,0,0,0.84375,0,1.359375,107.tif,0,9,1,640,9,0.13279774743398925,0.058071382756036925,0.2437376485431036,0.02352941,1.0,0.0828790283203125,0.07450981,0.007843138,0.20751953125,0.06298828125,-0.8060828635527811,255,0.06937507,0.06859943256510717,409600,33947.25,eLt4nHt2G00HVCrDDMxBWK8kMw1cZsEcBfQryDLM0g3EQJRwYN8CGeCAAtLA4LMDABGQfzY=,e5f248236e2aa68ae1eb2c81c5c867d4,file:///F:/bigneuron/BigNeurongit/Data/gold166_wids/107/107.tif,0,0,0,0,0,0,0,F:\bigneuron\BigNeurongit\Data\gold166_wids\107,Done,255,0,file:///F:/bigneuron/BigNeurongit/Data/gold166_wids/107/107.tif,640
-1,0,0,1.0,0,1.265625,108.tif,0,10,1,640,10,0.1228857450781545,0.03131919366557266,0.03295093441442264,0.027450979,1.0,0.08233524322509765,0.07450981,0.007843138,0.082275390625,0.04931640625,-1.239479696569253,255,0.05078064,0.06859943256510717,409600,33724.516,eLt4nHt2G00HVCrDDCxAWK8kMw1cZsEcBfQryDLM0g3EQJRwYN8CGeCAAtLA4LMDABIufzg=,647e0542f31398f38b533b7d1be8e88a,file:///F:/bigneuron/BigNeurongit/Data/gold166_wids/108/108.tif,0,0,0,0,0,0,0,F:\bigneuron\BigNeurongit\Data\gold166_wids\108,Done,255,0,file:///F:/bigneuron/BigNeurongit/Data/gold166_wids/108/108.tif,640
-1,0,0,1.015625,0,1.625,109.tif,0,11,1,708,11,0.12115447785184898,0.03492836792075425,0.030612822660000375,0.031372547,1.0,0.11716048858209573,0.10980392,0.015686275,0.12514032278842083,0.4980308802149469,-1.301764839107597,255,0.0639705,0.08821350542795665,434712,50931.07,eLt4nHt2G00HVCrDDCxBWK8kMw1cZsEcBfQryDLM0g3EQJRwYN8CGeCAAtLA4LMDABLMfzo=,68570bbb1fc2e51085a03b82ab596149,file:///F:/bigneuron/BigNeurongit/Data/gold166_wids/109/109.tif,0,0,0,0,0,0,0,F:\bigneuron\BigNeurongit\Data\gold166_wids\109,Done,255,0,file:///F:/bigneuron/BigNeurongit/Data/gold166_wids/109/109.tif,614
-1,0,0,0.796875,0,1.25,11.tif,0,12,1,511,12,0.10633347440228398,0.46593935783580864,1.3395521537337638,0.0,1.0,0.005683084770356703,0.0,0.0,0.08425212832365073,90.9310243143983,-0.7954882119217607,255,0.05145846,0.009605841895192656,261121,1483.9728,eLt4nHt2G00HVCrDDIFIryQzDVxiwZwE9CnIKsyyDcRAlG9gvwIZ4GAC0sDAswMAH6x+yg==,b30df9aad380cc332fc7236bec2b5c6f,file:///F:/bigneuron/BigNeurongit/Data/gold166_wids/11/11.tif,0,0,0,0,0,0,0,F:\bigneuron\BigNeurongit\Data\gold166_wids\11,Done,255,0,file:///F:/bigneuron/BigNeurongit/Data/gold166_wids/11/11.tif,511
-1,0,0,0.859375,0,1.21875,110.tif,0,13,1,452,13,0.3588732085490254,0.015566836446957324,0.16988737413590008,0.0039215684,1.0,0.14877897700336168,0.13333334,0.0,0.0003591541202160671,0.0014366164808642685,-1.726513735557537,255,0.048125025,0.19603920668661134,278432,41424.83,eLt4nHt2G00HVCrDDA1AWK8kMw1cZsEcBfQryDLM0g3EQJRwYN8CGeCAAtLA4LMDAA3efyo=,22443930f17181337730d9bbd2cf9440,file:///F:/bigneuron/BigNeurongit/Data/gold166_wids/110/110.tif,0,0,0,0,0,0,0,F:\bigneuron\BigNeurongit\Data\gold166_wids\110,Done,255,0,file:///F:/bigneuron/BigNeurongit/Data/gold166_wids/110/110.tif,616
-1,0,0,0.515625,0,1.390625,111.tif,0,14,1,508,14,0.31247452632760037,0.011266325558154268,0.14196156627048875,0.007843137,1.0,0.17585521481225097,0.16078432,0.0,0.0005929228725927332,0.0011858457451854663,-1.258921090558537,255,0.044511147,0.20587301853328308,337312,59318.074,eLt4nHt2G00HVCrDDA1BWK8kMw1cZsEcBfQryDLM0g3EQJRwYN8CGeCAAtLA4LMDAA58fyw=,9d5f188d4d7cf6462d1a54f5e6659137,file:///F:/bigneuron/BigNeurongit/Data/gold166_wids/111/111.tif,0,0,0,0,0,0,0,F:\bigneuron\BigNeurongit\Data\gold166_wids\111,Done,255,0,file:///F:/bigneuron/BigNeurongit/Data/gold166_wids/111/111.tif,664
-1,0,0,0.375,0,1.171875,112.tif,0,15,1,256,15,0.5340408800720686,0.022019363530156617,0.35779158287388857,0.007843137,1.0,0.24105303434399067,0.21960784,0.0,0.00046282582938388626,0.001851303317535545,-1.3395244814964784,255,0.072854884,0.319457459017884,216064,52082.883,eLt4nHt2G00HVCrDDI1AWK8kMw1cZsEcBfQryDLM0g3EQJRwYN8CGeCAAtLA4LMDAA8afy4=,c2a06df283b3dc6dd23f9a3335c7db7f,file:///F:/bigneuron/BigNeurongit/Data/gold166_wids/112/112.tif,0,0,0,0,0,0,0,F:\bigneuron\BigNeurongit\Data\gold166_wids\112,Done,255,0,file:///F:/bigneuron/BigNeurongit/Data/gold166_wids/112/112.tif,844
-1,0,0,0.453125,0,1.171875,113.tif,0,16,1,416,16,0.5849626565444582,0.02072910584887113,0.237165310417952,0.007843137,1.0,0.224468909026372,0.2,0.0,0.0007028789923526766,0.0014057579847053532,-1.4558675542197261,255,0.068213195,0.27448179447389004,284544,63871.28,eLt4nHt2G00HVCrDDI1BWK8kMw1cZsEcBfQryDLM0g3EQJRwYN8CGeCAAtLA4LMDAA+4fzA=,98b87f3bad16c976baf496e0ae042f6c,file:///F:/bigneuron/BigNeurongit/Data/gold166_wids/113/113.tif,0,0,0,0,0,0,0,F:\bigneuron\BigNeurongit\Data\gold166_wids\113,Done,255,0,file:///F:/bigneuron/BigNeurongit/Data/gold166_wids/113/113.tif,684
-1,0,0,0.46875,0,1.015625,114.tif,0,17,1,508,17,0.5887179782326348,0.044369345564935506,0.5430179233674408,0.0039215684,1.0,0.09827206893997122,0.078431375,0.0,0.0005291677250021167,0.002116670900008467,-2.386719174990872,255,0.06603232,0.13719886539153076,188976,18571.062,eLt4nHt2G00HVCrDDE1AWK8kMw1cZsEcBfQryDLM0g3EQJRwYN8CGeCAAtLA4LMDABBWfzI=,00ad41ff505b5ff46c56f89514d131ea,file:///F:/bigneuron/BigNeurongit/Data/gold166_wids/114/114.tif,0,0,0,0,0,0,0,F:\bigneuron\BigNeurongit\Data\gold166_wids\114,Done,255,0,file:///F:/bigneuron/BigNeurongit/Data/gold166_wids/114/114.tif,372
-1,0,0,0.421875,0,1.3125,115.tif,0,18,1,420,18,0.6612429972827927,0.05966102337837994,1.441656562144083,0.0039215684,1.0,0.09263898768642072,0.078431375,0.0,0.0003270538984824699,0.0013082155939298796,-2.187444502135178,255,0.07434337,0.15852065677078703,305760,28325.297,eLt4nHt2G00HVCrDDE1BWK8kMw1cZsEcBfQryDLM0g3EQJRwYN8CGeCAAtLA4LMDABD0fzQ=,00df7be8da86cd7ca2ca285627a3c394,file:///F:/bigneuron/BigNeurongit/Data/gold166_wids/115/115.tif,0,0,0,0,0,0,0,F:\bigneuron\BigNeurongit\Data\gold166_wids\115,Done,255,0,file:///F:/bigneuron/BigNeurongit/Data/gold166_wids/115/115.tif,728
-1,0,0,0.46875,0,0.9375,116.tif,0,19,1,328,19,0.42678969569373104,0.012207935440489903,0.05941471343396758,0.007843137,1.0,0.28349799403155407,0.26666668,0.0,0.00041650006664001066,0.0016660002665600426,-1.6144535529074318,255,0.058829628,0.34700897859304125,240096,68066.734,eLt4nHt2G00HVCrDDM1AWK8kMw1cZsEcBfQryDLM0g3EQJRwYN8CGeCAAtLA4LMDABGSfzY=,bc35e7c544fe97732d78243b6869a8b7,file:///F:/bigneuron/BigNeurongit/Data/gold166_wids/116/116.tif,0,0,0,0,0,0,0,F:\bigneuron\BigNeurongit\Data\gold166_wids\116,Done,255,0,file:///F:/bigneuron/BigNeurongit/Data/gold166_wids/116/116.tif,732
-1,0,0,0.484375,0,2.234375,117.tif,0,20,1,1445,20,0.5398779071463751,0.025411823505765842,0.1360820742084141,0.027450986,1.0,0.10832110337519905,0.10980392,0.023529412,0.04473126519079034,0.0013888722596712205,-1.1398309949442775,255,0.052465577,0.07644545184760324,2088025,226177.17,eLt4nHt2G00HVCrDDM1BWK8kMw1cZsEcBfQryDLM0g3EQJRwYN8CGeCAAtLA4LMDABIwfzg=,1593c59f5d4bca78758d8fc86fd6c3bc,file:///F:/bigneuron/BigNeurongit/Data/gold166_wids/117/117.tif,0,0,0,0,0,0,0,F:\bigneuron\BigNeurongit\Data\gold166_wids\117,Done,255,0,file:///F:/bigneuron/BigNeurongit/Data/gold166_wids/117/117.tif,1445
-1,0,0,0.796875,0,1.09375,118.tif,0,21,1,800,21,0.27596505553222866,0.3752341084702359,5.37648605678615,0.003921569,1.0,0.029641665649414062,0.007843138,0.003921569,0.54296875,34.91359375,-0.7595620151032338,255,0.105463564,0.03720326661469473,640000,18970.666,eLt4nHt2G00HVCrDDC1AWK8kMw1cZsEcBfQryDLM0g3EQJRwYN8CGeCAAtLA4LMDABLOfzo=,ba09f27357fc353e3e78c09eebf1b60e,file:///F:/bigneuron/BigNeurongit/Data/gold166_wids/118/118.tif,0,0,0,0,0,0,0,F:\bigneuron\BigNeurongit\Data\gold166_wids\118,Done,255,0,file:///F:/bigneuron/BigNeurongit/Data/gold166_wids/118/118.tif,800
-1,0,0,0.640625,0,1.3125,119.tif,0,22,1,800,22,0.4041020046974521,0.4394096842569594,3.284089908296304,0.0,1.0,0.023241131591796874,0.003921569,0.003921569,0.678125,78.68953125,-1.1094504249762842,255,0.101056315,0.03327561281726903,640000,14874.324,eLt4nHt2G00HVCrDDC1BWK8kMw1cZsEcBfQryDLM0g3EQJRwYN8CGeCAAtLA4LMDABNsfzw=,2b8897523aee4fdfad4d5be9aa6ac067,file:///F:/bigneuron/BigNeurongit/Data/gold166_wids/119/119.tif,0,0,0,0,0,0,0,F:\bigneuron\BigNeurongit\Data\gold166_wids\119,Done,255,0,file:///F:/bigneuron/BigNeurongit/Data/gold166_wids/119/119.tif,800
-1,0,0,0.90625,0,0.71875,12.tif,0,23,1,511,23,0.22881255713170917,0.5633801622472893,0.8062353106274494,0.0,1.0,0.004025839833801906,0.0,0.0,0.13671822641610595,97.1775537011577,-0.9854553293828117,255,0.047624346,0.011741884560408061,261121,1051.2313,eLt4nHt2G00HVCrDjIBIryQzDVxiwZwE9CnIKsyyDcRAlG9gvwIZ4GAC0sDAswMAIEl+zA==,6500cd3da4322c4d375ec15bcfc6d529,file:///F:/bigneuron/BigNeurongit/Data/gold166_wids/12/12.tif,0,0,0,0,0,0,0,F:\bigneuron\BigNeurongit\Data\gold166_wids\12,Done,255,0,file:///F:/bigneuron/BigNeurongit/Data/gold166_wids/12/12.tif,511
-1,0,0,0.9375,0,3.0,120.tif,0,24,1,1600,24,0.28194914206120353,0.3695463887330762,32.59897489592716,0.0,1.0,0.01600559844970703,0.003921569,0.003921569,0.2559375,85.3567578125,-0.7230086091574198,255,0.076907806,0.0399923117183128,2560000,40974.332,eLt4nHt2G00HVCrDjAxAWK8kMw1cZsEcBfQryDLM0g3EQJRwYN8CGeCAAtLA4LMDAA5+fyw=,e14c342645de368251b958f8d63797a3,file:///F:/bigneuron/BigNeurongit/Data/gold166_wids/120/120.tif,0,0,0,0,0,0,0,F:\bigneuron\BigNeurongit\Data\gold166_wids\120,Done,255,0,file:///F:/bigneuron/BigNeurongit/Data/gold166_wids/120/120.tif,1600
-1,0,0,0.578125,0,3.96875,121.tif,0,25,1,2048,25,0.48913959593860634,0.254768805744323,2.2517520237103574,0.0039215684,1.0,0.04143763333559036,0.019607844,0.007843138,0.6908893585205078,0.08916854858398438,-1.3927833399876381,255,0.10274734,0.06262242800749243,4194304,173802.03,eLt4nHt2G00HVCrDjAxBWK8kMw1cZsEcBfQryDLM0g3EQJRwYN8CGeCAAtLA4LMDAA8cfy4=,65a0b38d12f2a3298af15a95c697ee5b,file:///F:/bigneuron/BigNeurongit/Data/gold166_wids/121/121.tif,0,0,0,0,0,0,0,F:\bigneuron\BigNeurongit\Data\gold166_wids\121,Done,255,0,file:///F:/bigneuron/BigNeurongit/Data/gold166_wids/121/121.tif,2048
-1,0,0,0.265625,0,1.734375,122.tif,0,26,1,1024,26,0.34163510676773584,0.35573585010293274,4.509974589280503,0.0039215684,1.0,0.033621545654634086,0.007843138,0.003921569,0.6409703038674033,10.050096037638122,-0.8625371840386392,255,0.10936356,0.04295863164525355,741376,24926.207,eLt4nHt2G00HVCrDjIxAWK8kMw1cZsEcBfQryDLM0g3EQJRwYN8CGeCAAtLA4LMDAA+6fzA=,1edd48f98feef392386878042710880c,file:///F:/bigneuron/BigNeurongit/Data/gold166_wids/122/122.tif,0,0,0,0,0,0,0,F:\bigneuron\BigNeurongit\Data\gold166_wids\122,Done,255,0,file:///F:/bigneuron/BigNeurongit/Data/gold166_wids/122/122.tif,724
-1,0,0,0.46875,0,5.640625,123.tif,0,27,1,2048,27,0.5421593573449146,0.2663888786220064,1.8749288330388554,0.0039215684,1.0,0.040416937321424484,0.015686275,0.007843138,0.6679058074951172,0.1512765884399414,-1.5636308291425445,255,0.103762336,0.05869266505250724,4194304,169520.92,eLt4nHt2G00HVCrDjIxBWK8kMw1cZsEcBfQryDLM0g3EQJRwYN8CGeCAAtLA4LMDABBYfzI=,08a09346ae1399d1cd4dafe0d5cbc1a1,file:///F:/bigneuron/BigNeurongit/Data/gold166_wids/123/123.tif,0,0,0,0,0,0,0,F:\bigneuron\BigNeurongit\Data\gold166_wids\123,Done,255,0,file:///F:/bigneuron/BigNeurongit/Data/gold166_wids/123/123.tif,2048
-1,0,0,0.765625,0,4.40625,124.tif,0,28,1,1324,28,0.2349268449990169,0.3108708227213271,16.008492450578913,0.0,1.0,0.016226956525902968,0.003921569,0.003921569,0.2165115875022924,74.61879723560129,-0.747657532304237,255,0.07102455,0.034411626069719696,1657648,26898.582,eLt4nHt2G00HVCrDjExAWK8kMw1cZsEcBfQryDLM0g3EQJRwYN8CGeCAAtLA4LMDABD2fzQ=,af46dfb9d1d0c14b5612d5d529ede082,file:///F:/bigneuron/BigNeurongit/Data/gold166_wids/124/124.tif,0,0,0,0,0,0,0,F:\bigneuron\BigNeurongit\Data\gold166_wids\124,Done,255,0,file:///F:/bigneuron/BigNeurongit/Data/gold166_wids/124/124.tif,1252
-1,0,0,0.90625,0,5.90625,125.tif,0,29,1,2048,29,0.7571993197734573,0.16715555269582616,0.7715869952270434,0.0039215703,1.0,0.04764885827898979,0.03137255,0.019607844,0.6211519241333008,0.00019073486328125,-2.0117514444269307,255,0.089245565,0.07833328018388704,4194304,199853.8,eLt4nHt2G00HVCrDjExBWK8kMw1cZsEcBfQryDLM0g3EQJRwYN8CGeCAAtLA4LMDABGUfzY=,8cb35bfa0ca40f0a0b4bdd66d238a7e0,file:///F:/bigneuron/BigNeurongit/Data/gold166_wids/125/125.tif,0,0,0,0,0,0,0,F:\bigneuron\BigNeurongit\Data\gold166_wids\125,Done,255,0,file:///F:/bigneuron/BigNeurongit/Data/gold166_wids/125/125.tif,2048
-1,0,0,0.609375,0,1.734375,126.tif,0,30,1,800,30,0.37155932073437503,0.42586697796302253,16.300868202728346,0.0,1.0,0.030790350341796877,0.003921569,0.003921569,0.6925,60.34140625,-0.8210429734817944,255,0.11451023,0.03901911581848259,640000,19705.824,eLt4nHt2G00HVCrDjMxAWK8kMw1cZsEcBfQryDLM0g3EQJRwYN8CGeCAAtLA4LMDABIyfzg=,1eb7255f6d436f79a200e1101d50e93b,file:///F:/bigneuron/BigNeurongit/Data/gold166_wids/126/126.tif,0,0,0,0,0,0,0,F:\bigneuron\BigNeurongit\Data\gold166_wids\126,Done,255,0,file:///F:/bigneuron/BigNeurongit/Data/gold166_wids/126/126.tif,800
-1,0,0,0.65625,0,1.96875,127.tif,0,31,1,800,31,0.3035659105747445,0.41299802765761956,13.124435827190775,0.003921569,1.0,0.02935272216796875,0.007843138,0.003921569,0.653125,41.07875,-0.8762836640911172,255,0.11010275,0.03901911581848259,640000,18785.742,eLt4nHt2G00HVCrDjMxBWK8kMw1cZsEcBfQryDLM0g3EQJRwYN8CGeCAAtLA4LMDABLQfzo=,fbadc6b04ed627676340f333b264be71,file:///F:/bigneuron/BigNeurongit/Data/gold166_wids/127/127.tif,0,0,0,0,0,0,0,F:\bigneuron\BigNeurongit\Data\gold166_wids\127,Done,255,0,file:///F:/bigneuron/BigNeurongit/Data/gold166_wids/127/127.tif,800
-1,0,0,0.375,0,1.765625,128.tif,0,32,1,1300,32,0.27896876716163654,0.229035143122677,4.713753695446174,0.0039215693,1.0,0.03051377135849792,0.015686275,0.003921569,0.34238565488565487,0.28846153846153844,-0.774997067301398,255,0.0835986,0.06163229738112233,1539200,46966.797,eLt4nHt2G00HVCrDjCxAWK8kMw1cZsEcBfQryDLM0g3EQJRwYN8CGeCAAtLA4LMDABNufzw=,0955aec7aafc6121f0bfe7df262a19eb,file:///F:/bigneuron/BigNeurongit/Data/gold166_wids/128/128.tif,0,0,0,0,0,0,0,F:\bigneuron\BigNeurongit\Data\gold166_wids\128,Done,255,0,file:///F:/bigneuron/BigNeurongit/Data/gold166_wids/128/128.tif,1184
-1,0,0,0.734375,0,6.0,129.tif,0,33,1,2048,33,0.7042639327377407,0.2791903443626547,1.5262575192988852,0.0039215684,1.0,0.028154468163847923,0.011764706,0.003921569,0.4270792007446289,0.0047206878662109375,-1.9130395640074935,255,0.08865921,0.046895143640326035,4194304,118088.4,eLt4nHt2G00HVCrDjCxBWK8kMw1cZsEcBfQryDLM0g3EQJRwYN8CGeCAAtLA4LMDABQMfz4=,ae3bd5e4deac3ca6b2b5b310ca8c975c,file:///F:/bigneuron/BigNeurongit/Data/gold166_wids/129/129.tif,0,0,0,0,0,0,0,F:\bigneuron\BigNeurongit\Data\gold166_wids\129,Done,255,0,file:///F:/bigneuron/BigNeurongit/Data/gold166_wids/129/129.tif,2048
-1,0,0,0.53125,0,0.921875,130.tif,0,34,1,800,34,0.3035659105747445,0.41299802765761956,13.124435827190775,0.003921569,1.0,0.02935272216796875,0.007843138,0.003921569,0.653125,41.07875,-0.8762836640911172,255,0.11010275,0.03901911581848259,640000,18785.742,eLt4nHt2G00HVCrDjA1AWK8kMw1cZsEcBfQryDLM0g3EQJRwYN8CGeCAAtLA4LMDAA8efy4=,fbadc6b04ed627676340f333b264be71,file:///F:/bigneuron/BigNeurongit/Data/gold166_wids/130/130.tif,0,0,0,0,0,0,0,F:\bigneuron\BigNeurongit\Data\gold166_wids\130,Done,255,0,file:///F:/bigneuron/BigNeurongit/Data/gold166_wids/130/130.tif,800
-1,0,0,0.8125,0,5.8125,131.tif,0,35,1,2048,35,0.42485757907545485,0.3444094229620352,6.541006019283272,0.0039215684,1.0,0.03967127948999405,0.011764706,0.003921569,0.7253408432006836,0.31669139862060547,-1.3589089836876136,255,0.11688953,0.046895143640326035,4194304,166393.4,eLt4nHt2G00HVCrDjA1BWK8kMw1cZsEcBfQryDLM0g3EQJRwYN8CGeCAAtLA4LMDAA+8fzA=,d6d780f13cb8240d7a3fe8b80b757112,file:///F:/bigneuron/BigNeurongit/Data/gold166_wids/131/131.tif,0,0,0,0,0,0,0,F:\bigneuron\BigNeurongit\Data\gold166_wids\131,Done,255,0,file:///F:/bigneuron/BigNeurongit/Data/gold166_wids/131/131.tif,2048
-1,0,0,1.015625,0,6.53125,132.tif,0,36,1,2048,36,0.6526458652399538,0.26429481671455185,1.0404918394677143,0.0039215693,1.0,0.03266798332333565,0.015686275,0.003921569,0.49114227294921875,0.44264793395996094,-1.7893088092912766,255,0.09291921,0.04112975926590313,4194304,137019.45,eLt4nHt2G00HVCrDjI1AWK8kMw1cZsEcBfQryDLM0g3EQJRwYN8CGeCAAtLA4LMDABBafzI=,9354f8437d62cf682e6648411394ae77,file:///F:/bigneuron/BigNeurongit/Data/gold166_wids/132/132.tif,0,0,0,0,0,0,0,F:\bigneuron\BigNeurongit\Data\gold166_wids\132,Done,255,0,file:///F:/bigneuron/BigNeurongit/Data/gold166_wids/132/132.tif,2048
-1,0,0,0.640625,0,2.609375,133.tif,0,37,1,1288,37,0.34533107216673625,0.32465368861581834,3.6200740268959204,0.003921569,1.0,0.026015545862802067,0.007843138,0.003921569,0.369819972826087,32.020149941770185,-0.8990332733065449,255,0.09190236,0.03901911581848259,1648640,42890.27,eLt4nHt2G00HVCrDjI1BWK8kMw1cZsEcBfQryDLM0g3EQJRwYN8CGeCAAtLA4LMDABD4fzQ=,43d1d2ed62bc1ad029801bfcaaa55e4a,file:///F:/bigneuron/BigNeurongit/Data/gold166_wids/133/133.tif,0,0,0,0,0,0,0,F:\bigneuron\BigNeurongit\Data\gold166_wids\133,Done,255,0,file:///F:/bigneuron/BigNeurongit/Data/gold166_wids/133/133.tif,1280
-1,0,0,0.40625,0,0.984375,134.tif,0,38,1,800,38,0.20014871769319642,0.38971832361145853,9.53668510589355,0.003921569,1.0,0.029412750244140626,0.007843138,0.003921569,0.57640625,47.41109375,-0.5849649235560164,255,0.10706394,0.03327561281726903,640000,18824.16,eLt4nHt2G00HVCrDjE1AWK8kMw1cZsEcBfQryDLM0g3EQJRwYN8CGeCAAtLA4LMDABGWfzY=,e601dc6f42c162e86f663b4dcfdc0ecd,file:///F:/bigneuron/BigNeurongit/Data/gold166_wids/134/134.tif,0,0,0,0,0,0,0,F:\bigneuron\BigNeurongit\Data\gold166_wids\134,Done,255,0,file:///F:/bigneuron/BigNeurongit/Data/gold166_wids/134/134.tif,800
-1,0,0,0.421875,0,3.734375,135.tif,0,39,1,2048,39,0.7048711883390556,0.17431601374847658,0.38663802926903623,0.0039215684,1.0,0.04063861444592476,0.023529412,0.011764706,0.531005859375,0.07529258728027344,-1.7104107069905727,255,0.08416627,0.06467616417176797,4194304,170450.7,eLt4nHt2G00HVCrDjE1BWK8kMw1cZsEcBfQryDLM0g3EQJRwYN8CGeCAAtLA4LMDABI0fzg=,500e6f8d5dec1030be25d867cf53f755,file:///F:/bigneuron/BigNeurongit/Data/gold166_wids/135/135.tif,0,0,0,0,0,0,0,F:\bigneuron\BigNeurongit\Data\gold166_wids\135,Done,255,0,file:///F:/bigneuron/BigNeurongit/Data/gold166_wids/135/135.tif,2048
-1,0,0,0.25,0,4.671875,136.tif,0,40,1,2048,40,0.5052865467790316,0.3751459347726974,2.728077693107318,0.003921569,1.0,0.02870042808353901,0.007843138,0.0,0.5144119262695312,2.384185791015625e-05,-1.4874051315485142,255,0.10376343,0.03327561281726903,4194304,120378.32,eLt4nHt2G00HVCrDjM1AWK8kMw1cZsEcBfQryDLM0g3EQJRwYN8CGeCAAtLA4LMDABLSfzo=,72f06d056ac403d401e4f8c1a89d6897,file:///F:/bigneuron/BigNeurongit/Data/gold166_wids/136/136.tif,0,0,0,0,0,0,0,F:\bigneuron\BigNeurongit\Data\gold166_wids\136,Done,255,0,file:///F:/bigneuron/BigNeurongit/Data/gold166_wids/136/136.tif,2048
-1,0,0,0.5,0,2.78125,137.tif,0,41,1,1600,41,0.3824952825556701,0.35113372085048317,24.64509375514982,0.0,1.0,0.014747010803222656,0.003921569,0.003921569,0.2492578125,83.4480859375,-0.8818881743160829,255,0.07195952,0.036787574563656535,2560000,37752.348,eLt4nHt2G00HVCrDjM1BWK8kMw1cZsEcBfQryDLM0g3EQJRwYN8CGeCAAtLA4LMDABNwfzw=,7af49a0c54a13f1d10601980304a2944,file:///F:/bigneuron/BigNeurongit/Data/gold166_wids/137/137.tif,0,0,0,0,0,0,0,F:\bigneuron\BigNeurongit\Data\gold166_wids\137,Done,255,0,file:///F:/bigneuron/BigNeurongit/Data/gold166_wids/137/137.tif,1600
-1,0,0,0.421875,0,2.953125,138.tif,0,42,1,1600,42,0.48137544254011105,0.3304779359845024,11.303660076152065,0.0,1.0,0.01626690673828125,0.003921569,0.003921569,0.2568359375,78.0589453125,-0.9863194832358309,255,0.07332022,0.03507557554524054,2560000,41643.28,eLt4nHt2G00HVCrDjC1AWK8kMw1cZsEcBfQryDLM0g3EQJRwYN8CGeCAAtLA4LMDABQOfz4=,18a34d358df9fc4e5f9c2926080ea0ea,file:///F:/bigneuron/BigNeurongit/Data/gold166_wids/138/138.tif,0,0,0,0,0,0,0,F:\bigneuron\BigNeurongit\Data\gold166_wids\138,Done,255,0,file:///F:/bigneuron/BigNeurongit/Data/gold166_wids/138/138.tif,1600
-1,0,0,0.34375,0,1.453125,139.tif,0,43,1,1024,43,0.36344332381916594,0.3560586412969498,1.9554121886561615,0.0,1.0,0.02787337265908718,0.003921569,0.003921569,0.5356788635253906,57.468318939208984,-0.9861480107512299,255,0.09962206,0.029346332470359,1048576,29227.35,eLt4nHt2G00HVCrDjC1BWK8kMw1cZsEcBfQryDLM0g3EQJRwYN8CGeCAAtLA4LMDABSsf0A=,70d9508db56e809c0bccad3248840832,file:///F:/bigneuron/BigNeurongit/Data/gold166_wids/139/139.tif,0,0,0,0,0,0,0,F:\bigneuron\BigNeurongit\Data\gold166_wids\139,Done,255,0,file:///F:/bigneuron/BigNeurongit/Data/gold166_wids/139/139.tif,1024
-1,0,0,0.234375,0,0.5,14.tif,0,44,1,511,44,0.11807543620888876,0.41241387406294583,0.6975599128459299,0.0,1.0,0.00687492907308178,0.0,0.0,0.09306030537566876,89.66685942532389,-0.40605620665659664,255,0.053247686,0.01358471189913022,261121,1795.1884,eLt4nHt2G00HVCrDTIBIryQzDVxiwZwE9CnIKsyyDcRAlG9gvwIZ4GAC0sDAswMAIYN+0A==,c58c2bf9c1f47a431fcc634d8272db17,file:///F:/bigneuron/BigNeurongit/Data/gold166_wids/14/14.tif,0,0,0,0,0,0,0,F:\bigneuron\BigNeurongit\Data\gold166_wids\14,Done,255,0,file:///F:/bigneuron/BigNeurongit/Data/gold166_wids/14/14.tif,511
-1,0,0,0.609375,0,17.3125,140.tif,0,45,1,4011,45,0.3091039068174142,0.08668163800134394,0.4591992167856941,0.02352941,1.0,0.08796683315174247,0.09411765,0.0,0.16861549706998205,28.169302374271858,-1.0223482636000327,255,0.08732187,0.01565584582966261,10889865,957946.94,eLt4nHt2G00HVCrDTAxAWK8kMw1cZsEcBfQryDLM0g3EQJRwYN8CGeCAAtLA4LMDAA++fzA=,fd97490849bbc917d4624e7b176a17f0,file:///F:/bigneuron/BigNeurongit/Data/gold166_wids/140/140.tif,0,0,0,0,0,0,0,F:\bigneuron\BigNeurongit\Data\gold166_wids\140,Done,255,0,file:///F:/bigneuron/BigNeurongit/Data/gold166_wids/140/140.tif,2715
-1,0,0,0.8125,0,260.71875,141.tif,0,46,1,5857,46,0.40751263754367184,0.18037453293162553,0.21388422238091193,0.07058823,1.0,0.12900657178826283,0.1254902,0.0,0.6637871273381043,33.30748724795031,-1.0589219251802324,255,0.15254343,0.015158707862771004,23334288,3010276.5,eLt4nHt2G00HVCrDTAxBWK8kMw1cZsEcBfQryDLM0g3EQJRwYN8CGeCAAtLA4LMDABBcfzI=,7d68c2c35ba7fea201cfaeaf902cfd85,file:///F:/bigneuron/BigNeurongit/Data/gold166_wids/141/141.tif,0,0,0,0,0,0,0,F:\bigneuron\BigNeurongit\Data\gold166_wids\141,Done,255,0,file:///F:/bigneuron/BigNeurongit/Data/gold166_wids/141/141.tif,3984
-1,0,0,0.859375,0,118.125,142.tif,0,47,1,4892,47,0.40562908179813867,0.11683057264430595,0.2537895235620162,0.035294116,1.0,0.13457643417079937,0.13725491,0.0,0.28243540046509846,25.75721993990202,-0.9974897842835502,255,0.12538996,0.017936025350076355,14494996,1950684.9,eLt4nHt2G00HVCrDTIxAWK8kMw1cZsEcBfQryDLM0g3EQJRwYN8CGeCAAtLA4LMDABD6fzQ=,d1d39b568b3bbc1d2431266a19176750,file:///F:/bigneuron/BigNeurongit/Data/gold166_wids/142/142.tif,0,0,0,0,0,0,0,F:\bigneuron\BigNeurongit\Data\gold166_wids\142,Done,255,0,file:///F:/bigneuron/BigNeurongit/Data/gold166_wids/142/142.tif,2963
-1,0,0,0.84375,0,18.578125,143.tif,0,48,1,5621,48,0.2979461151792958,0.06714205539503343,0.3432995337361043,0.015686274,1.0,0.06784962413006003,0.0627451,0.0,0.030910441473431416,16.870391070644455,-0.8828703847586837,255,0.067494914,0.011070354740822961,11669196,791750.56,eLt4nHt2G00HVCrDTIxBWK8kMw1cZsEcBfQryDLM0g3EQJRwYN8CGeCAAtLA4LMDABGYfzY=,db13771d0a21d221a7d84f26bbb965e6,file:///F:/bigneuron/BigNeurongit/Data/gold166_wids/143/143.tif,0,0,0,0,0,0,0,F:\bigneuron\BigNeurongit\Data\gold166_wids\143,Done,255,0,file:///F:/bigneuron/BigNeurongit/Data/gold166_wids/143/143.tif,2076
-1,0,0,0.453125,0,1.5,144.tif,0,49,1,840,49,0.22479813203536753,0.03311088749953827,0.21675236734145437,0.0039215693,0.99607843,0.020723515801539076,0.015686275,0.011764706,0.00041335978835978834,35.65310846560847,-1.243657875932348,255,0.026194924,0.03720326770080315,725760,15040.299,eLt4nHt2G00HVCrDTExAWK8kMw1cZsEcBfQryDLM0g3EQJRwYN8CGeCAAtLA4LMDABI2fzg=,c64380411b9b3bb85b2e2ea8310e6c4b,file:///F:/bigneuron/BigNeurongit/Data/gold166_wids/144/144.tif,0,0,0,0,0,0,0,F:\bigneuron\BigNeurongit\Data\gold166_wids\144,Done,255,0,file:///F:/bigneuron/BigNeurongit/Data/gold166_wids/144/144.tif,864
-1,0,0,0.4375,0,1.96875,145.tif,0,50,1,1024,50,0.07236541083704266,0.6451296416371457,0.042167546483560636,0.0,1.0,0.0011777877807617188,0.0,0.0,0.023555755615234375,99.76072311401367,-0.3761704766314254,255,0.027564937,0.003906369151586295,1048576,1235.0,eLt4nHt2G00HVCrDTExBWK8kMw1cZsEcBfQryDLM0g3EQJRwYN8CGeCAAtLA4LMDABLUfzo=,c69a0de190cc45785058e2bca09ad3b5,file:///F:/bigneuron/BigNeurongit/Data/gold166_wids/145/145.tif,0,0,0,0,0,0,0,F:\bigneuron\BigNeurongit\Data\gold166_wids\145,Done,255,0,file:///F:/bigneuron/BigNeurongit/Data/gold166_wids/145/145.tif,1024
-1,0,0,0.421875,0,2.140625,148.tif,0,51,1,1024,51,0.2506113348931092,0.8584227612278429,0.03264659294842273,0.0,1.0,0.0015403187135234475,0.0,0.0,0.0713348388671875,99.8067855834961,-0.8967217919259425,255,0.03636268,0.003906369151586295,1048576,1615.1412,eLt4nHt2G00HVCrDTCxAWK8kMw1cZsEcBfQryDLM0g3EQJRwYN8CGeCAAtLA4LMDABSuf0A=,ec9c3fb11063fe6aef5f9f795bbda776,file:///F:/bigneuron/BigNeurongit/Data/gold166_wids/148/148.tif,0,0,0,0,0,0,0,F:\bigneuron\BigNeurongit\Data\gold166_wids\148,Done,255,0,file:///F:/bigneuron/BigNeurongit/Data/gold166_wids/148/148.tif,1024
-1,0,0,0.28125,0,0.484375,15.tif,0,52,1,511,52,0.04938730636782155,0.2746691508657662,0.246421094462791,0.0,1.0,0.004533485273140852,0.0,0.0,0.029105280693624794,93.83427606358738,-0.8615373411592763,255,0.03528751,0.00875188397834492,261121,1183.7882,eLt4nHt2G00HVCrDTIFIryQzDVxiwZwE9CnIKsyyDcRAlG9gvwIZ4GAC0sDAswMAIiB+0g==,3d02deb206456107ea7e74c0e9a8c47b,file:///F:/bigneuron/BigNeurongit/Data/gold166_wids/15/15.tif,0,0,0,0,0,0,0,F:\bigneuron\BigNeurongit\Data\gold166_wids\15,Done,255,0,file:///F:/bigneuron/BigNeurongit/Data/gold166_wids/15/15.tif,511
-1,0,0,0.28125,0,1.296875,150.tif,0,53,1,1024,53,0.030137041000617506,0.6784811937984042,0.03998388106743264,0.0,1.0,0.001789744128473103,0.0,0.0,0.051212310791015625,99.62291717529297,-0.4538215839731269,255,0.034846917,0.003906369151586295,1048576,1876.6827,eLt4nHt2G00HVCrDTA1AWK8kMw1cZsEcBfQryDLM0g3EQJRwYN8CGeCAAtLA4LMDABBefzI=,94d17ef71ee80a2d574c6f6c2fd84011,file:///F:/bigneuron/BigNeurongit/Data/gold166_wids/150/150.tif,0,0,0,0,0,0,0,F:\bigneuron\BigNeurongit\Data\gold166_wids\150,Done,255,0,file:///F:/bigneuron/BigNeurongit/Data/gold166_wids/150/150.tif,1024
-1,0,0,0.34375,0,1.1875,153.tif,0,54,1,1024,54,0.07687479714741793,0.629908096582834,0.06654189196262673,0.0,1.0,0.0013597412034869194,0.0,0.0,0.025844573974609375,99.69635009765625,-0.38731807025206133,255,0.029266227,0.003906369151586295,1048576,1425.792,eLt4nHt2G00HVCrDTI1BWK8kMw1cZsEcBfQryDLM0g3EQJRwYN8CGeCAAtLA4LMDABI4fzg=,50b8f310b29f352b6c525e701af7ef70,file:///F:/bigneuron/BigNeurongit/Data/gold166_wids/153/153.tif,0,0,0,0,0,0,0,F:\bigneuron\BigNeurongit\Data\gold166_wids\153,Done,255,0,file:///F:/bigneuron/BigNeurongit/Data/gold166_wids/153/153.tif,1024
-1,0,0,0.265625,0,0.890625,156.tif,0,55,1,1024,55,0.24731570467075517,0.8282801601593899,0.07146866313576403,0.0,1.0,0.005567255429923534,0.0,0.0,0.24385452270507812,99.23038482666016,-0.9011032234190928,255,0.06790616,0.05576536812072602,1048576,5837.6904,eLt4nHt2G00HVCrDTM1AWK8kMw1cZsEcBfQryDLM0g3EQJRwYN8CGeCAAtLA4LMDABQSfz4=,38fbbe3d7649127e68df8998ec1cf6f1,file:///F:/bigneuron/BigNeurongit/Data/gold166_wids/156/156.tif,0,0,0,0,0,0,0,F:\bigneuron\BigNeurongit\Data\gold166_wids\156,Done,255,0,file:///F:/bigneuron/BigNeurongit/Data/gold166_wids/156/156.tif,1024
-1,0,0,0.203125,0,0.328125,16.tif,0,56,1,511,56,0.16109048449402377,0.45829801555583116,0.10216746522901708,0.0,1.0,0.01157166125959086,0.0,0.0,0.18305689699411384,91.395942877057,-0.6267777717643361,255,0.072823554,0.011070354740822961,261121,3021.6038,eLt4nHt2G00HVCrDzIBIryQzDVxiwZwE9CnIKsyyDcRAlG9gvwIZ4GAC0sDAswMAIr1+1A==,bac6188bacc8b6ac33acb6db6c23ad36,file:///F:/bigneuron/BigNeurongit/Data/gold166_wids/16/16.tif,0,0,0,0,0,0,0,F:\bigneuron\BigNeurongit\Data\gold166_wids\16,Done,255,0,file:///F:/bigneuron/BigNeurongit/Data/gold166_wids/16/16.tif,511
-1,0,0,0.25,0,1.03125,162.tif,0,57,1,1024,57,0.09157000963354553,0.718401197946114,0.03268954383958765,0.0,1.0,0.0018891616491600871,0.0,0.0,0.053691864013671875,99.67021942138672,-0.4879201534150427,255,0.03683987,0.003906369151586295,1048576,1980.9296,eLt4nHt2G00HVCrDzIxAWK8kMw1cZsEcBfQryDLM0g3EQJRwYN8CGeCAAtLA4LMDABI6fzg=,87d2592ab0d3501f7301a305b30d9f48,file:///F:/bigneuron/BigNeurongit/Data/gold166_wids/162/162.tif,0,0,0,0,0,0,0,F:\bigneuron\BigNeurongit\Data\gold166_wids\162,Done,255,0,file:///F:/bigneuron/BigNeurongit/Data/gold166_wids/162/162.tif,1024
-1,0,0,0.3125,0,0.9375,163.tif,0,58,1,1024,58,0.10374697965678219,0.6473024481338415,0.040608411644282826,0.0,1.0,0.0018658244516700506,0.0,0.0,0.034427642822265625,99.61462020874023,-0.49250951935236414,255,0.034752738,0.003906369151586295,1048576,1956.4587,eLt4nHt2G00HVCrDzIxBWK8kMw1cZsEcBfQryDLM0g3EQJRwYN8CGeCAAtLA4LMDABLYfzo=,cd42fa6810bc67a47892ab32c07a6548,file:///F:/bigneuron/BigNeurongit/Data/gold166_wids/163/163.tif,0,0,0,0,0,0,0,F:\bigneuron\BigNeurongit\Data\gold166_wids\163,Done,255,0,file:///F:/bigneuron/BigNeurongit/Data/gold166_wids/163/163.tif,1024
-1,0,0,0.25,0,0.875,170.tif,0,59,1,1024,59,0.11459699385315845,0.5518198142460352,0.06602068899731084,0.0,1.0,0.0017905704444274306,0.0,0.0,0.024318695068359375,99.54471588134766,-0.601769101149014,255,0.031433616,0.02536537032930175,1048576,1877.5492,eLt4nHt2G00HVCrDzA1AWK8kMw1cZsEcBfQryDLM0g3EQJRwYN8CGeCAAtLA4LMDABGefzY=,2fa25dc8b48618f100eb5968a2a44a66,file:///F:/bigneuron/BigNeurongit/Data/gold166_wids/170/170.tif,0,0,0,0,0,0,0,F:\bigneuron\BigNeurongit\Data\gold166_wids\170,Done,255,0,file:///F:/bigneuron/BigNeurongit/Data/gold166_wids/170/170.tif,1024
-1,0,0,0.28125,0,0.90625,174.tif,0,60,1,1024,60,0.21226754491138874,0.619193605894558,0.020192661566788478,0.0,1.0,0.004380435682833195,0.0,0.0,0.0423431396484375,99.1617202758789,-0.6542753109549336,255,0.05208011,0.04410810656892182,1048576,4593.2197,eLt4nHt2G00HVCrDzE1AWK8kMw1cZsEcBfQryDLM0g3EQJRwYN8CGeCAAtLA4LMDABQWfz4=,681a68a9d5645ea24cf854100b698789,file:///F:/bigneuron/BigNeurongit/Data/gold166_wids/174/174.tif,0,0,0,0,0,0,0,F:\bigneuron\BigNeurongit\Data\gold166_wids\174,Done,255,0,file:///F:/bigneuron/BigNeurongit/Data/gold166_wids/174/174.tif,1024
-1,0,0,0.21875,0,0.984375,178.tif,0,61,1,1024,61,0.054103795859333316,0.6835494648416776,0.030539016795081544,0.0,1.0,0.001548692351207137,0.0,0.0,0.036144256591796875,99.70903396606445,-0.4397782493090897,255,0.032536253,0.003906369151586295,1048576,1623.9216,eLt4nHt2G00HVCrDzC1AWK8kMw1cZsEcBfQryDLM0g3EQJRwYN8CGeCAAtLA4LMDABaOf0Y=,9354377b79a6b7196e60237a7386fb6a,file:///F:/bigneuron/BigNeurongit/Data/gold166_wids/178/178.tif,0,0,0,0,0,0,0,F:\bigneuron\BigNeurongit\Data\gold166_wids\178,Done,255,0,file:///F:/bigneuron/BigNeurongit/Data/gold166_wids/178/178.tif,1024
-1,0,0,0.34375,0,0.953125,181.tif,0,62,1,1024,62,0.06957054644280536,0.6670694025871884,0.04183115453590605,0.0,1.0,0.001550042419694364,0.0,0.0,0.025463104248046875,99.71981048583984,-0.6780448824280283,255,0.03215565,0.003906369151586295,1048576,1625.3373,eLt4nHt2G00HVCrDLAxBWK8kMw1cZsEcBfQryDLM0g3EQJRwYN8CGeCAAtLA4LMDABLcfzo=,463eee237068272e4041022873d44b8c,file:///F:/bigneuron/BigNeurongit/Data/gold166_wids/181/181.tif,0,0,0,0,0,0,0,F:\bigneuron\BigNeurongit\Data\gold166_wids\181,Done,255,0,file:///F:/bigneuron/BigNeurongit/Data/gold166_wids/181/181.tif,1024
-1,0,0,0.390625,0,0.890625,182.tif,0,63,1,1024,63,0.12914621279718955,0.7438515076514347,0.0421683225994789,0.0,1.0,0.0016118292696774006,0.0,0.0,0.040435791015625,99.74069595336914,-0.3437390374189381,255,0.034626026,0.003906369151586295,1048576,1690.1255,eLt4nHt2G00HVCrDLIxAWK8kMw1cZsEcBfQryDLM0g3EQJRwYN8CGeCAAtLA4LMDABN6fzw=,3d1b4962d3c157a787279f32ca0e566d,file:///F:/bigneuron/BigNeurongit/Data/gold166_wids/182/182.tif,0,0,0,0,0,0,0,F:\bigneuron\BigNeurongit\Data\gold166_wids\182,Done,255,0,file:///F:/bigneuron/BigNeurongit/Data/gold166_wids/182/182.tif,1024
-1,0,0,0.390625,0,0.96875,186.tif,0,64,1,1024,64,0.1683012496580606,0.7875500140742248,0.025109767444880575,0.0,1.0,0.0016687804600223899,0.0,0.0,0.047969818115234375,99.76186752319336,-0.7491010119937089,255,0.03625256,0.003906369151586295,1048576,1749.8431,eLt4nHt2G00HVCrDLMxAWK8kMw1cZsEcBfQryDLM0g3EQJRwYN8CGeCAAtLA4LMDABXyf0Q=,6ebe5363ffd005cd99e3fe25656a75a7,file:///F:/bigneuron/BigNeurongit/Data/gold166_wids/186/186.tif,0,0,0,0,0,0,0,F:\bigneuron\BigNeurongit\Data\gold166_wids\186,Done,255,0,file:///F:/bigneuron/BigNeurongit/Data/gold166_wids/186/186.tif,1024
-1,0,0,0.390625,0,1.0625,195.tif,0,65,1,1024,65,0.16297271895187035,0.7149135870466654,0.032539368108440395,0.0,1.0,0.0011819503270089626,0.0,0.0,0.029087066650390625,99.79753494262695,-0.7648109660206792,255,0.029068751,0.003906369151586295,1048576,1239.3647,eLt4nHt2G00HVCrDLE1BWK8kMw1cZsEcBfQryDLM0g3EQJRwYN8CGeCAAtLA4LMDABX0f0Q=,4dc3fb34ae9b8b2a239fea49c2a14f32,file:///F:/bigneuron/BigNeurongit/Data/gold166_wids/195/195.tif,0,0,0,0,0,0,0,F:\bigneuron\BigNeurongit\Data\gold166_wids\195,Done,255,0,file:///F:/bigneuron/BigNeurongit/Data/gold166_wids/195/195.tif,1024
-1,0,0,0.390625,0,1.15625,197.tif,0,66,1,1024,66,0.07585295508414419,0.5208773929638006,0.06414219992755624,0.0,1.0,0.0006945740897208452,0.0,0.0,0.009250640869140625,99.80344772338867,-0.6534880631857478,255,0.019020723,0.003906369151586295,1048576,728.3137,eLt4nHt2G00HVCrDLM1BWK8kMw1cZsEcBfQryDLM0g3EQJRwYN8CGeCAAtLA4LMDABcwf0g=,89730f0aac5ab97967c890f33e04f37e,file:///F:/bigneuron/BigNeurongit/Data/gold166_wids/197/197.tif,0,0,0,0,0,0,0,F:\bigneuron\BigNeurongit\Data\gold166_wids\197,Done,255,0,file:///F:/bigneuron/BigNeurongit/Data/gold166_wids/197/197.tif,1024
-1,0,0,0.234375,0,0.796875,202.tif,0,67,1,1024,67,0.07467261152713132,0.7673429161847845,0.03228655658103506,0.0,1.0,0.00237960834056139,0.0,0.0,0.08325576782226562,99.62377548217773,-0.4760317540746107,255,0.042731434,0.003906369151586295,1048576,2495.2002,eLt4nHt2G00HVEoHBkYgrFeSmQYus2COAvoVZBlm6QZiIEo4sG+BDHBAAWlg8NkBAA8cfy4=,c94277abb9f11512f75ebbb3904c8af7,file:///F:/bigneuron/BigNeurongit/Data/gold166_wids/202/202.tif,0,0,0,0,0,0,0,F:\bigneuron\BigNeurongit\Data\gold166_wids\202,Done,255,0,file:///F:/bigneuron/BigNeurongit/Data/gold166_wids/202/202.tif,1024
-1,0,0,0.265625,0,0.9375,203.tif,0,68,1,1024,68,0.2507389252956361,0.6152347977524901,0.037620926815091583,0.0,1.0,0.0067445277236402035,0.0,0.0,0.07619857788085938,98.64530563354492,-0.6081317844976081,255,0.064416364,0.039139615676567936,1048576,7072.15,eLt4nHt2G00HVEoHBsYgrFeSmQYus2COAvoVZBlm6QZiIEo4sG+BDHBAAWlg8NkBAA+6fzA=,ef39bebfe8f45fd833d26ea7aa4c533b,file:///F:/bigneuron/BigNeurongit/Data/gold166_wids/203/203.tif,0,0,0,0,0,0,0,F:\bigneuron\BigNeurongit\Data\gold166_wids\203,Done,255,0,file:///F:/bigneuron/BigNeurongit/Data/gold166_wids/203/203.tif,1024
-1,0,0,0.375,0,0.984375,209.tif,0,69,1,1024,69,0.24972570998737167,0.7690865459589864,0.049576066486670504,0.0,1.0,0.0033547983039170504,0.0,0.0,0.12569427490234375,99.45249557495117,-1.0499904266322444,255,0.05079498,0.03794726532346519,1048576,3517.761,eLt4nHt2G00HVEoHBpYgrFeSmQYus2COAvoVZBlm6QZiIEo4sG+BDHBAAWlg8NkBABNufzw=,1e0798026a8884f923171143c94619fb,file:///F:/bigneuron/BigNeurongit/Data/gold166_wids/209/209.tif,0,0,0,0,0,0,0,F:\bigneuron\BigNeurongit\Data\gold166_wids\209,Done,255,0,file:///F:/bigneuron/BigNeurongit/Data/gold166_wids/209/209.tif,1024
-1,0,0,0.25,0,0.25,21.tif,0,70,1,511,70,0.14301020788619812,0.5365163321315741,1.0324669194260296,0.0,1.0,0.00864950962778032,0.0,0.0,0.3289662646818908,91.6801023280395,-0.6958701539287748,255,0.06812197,0.010355368961363886,261121,2258.5686,eLt4nHt2G00HVEoHhkCkV5KZBi6xYE4C+hRkFWbZBmIgyjewX4EMcDABaWDg2QEAIEt+zA==,abc09d5d3d5a9506088e87d639b0d2f3,file:///F:/bigneuron/BigNeurongit/Data/gold166_wids/21/21.tif,0,0,0,0,0,0,0,F:\bigneuron\BigNeurongit\Data\gold166_wids\21,Done,255,0,file:///F:/bigneuron/BigNeurongit/Data/gold166_wids/21/21.tif,511
-1,0,0,0.1875,0,0.90625,214.tif,0,71,1,1024,71,0.21453831917553529,0.6510006318553033,0.04319135894300625,0.0,1.0,0.002476603025570512,0.0,0.0,0.04711151123046875,99.50027465820312,-0.6405102121239163,255,0.040153082,0.03131169358528549,1048576,2596.9065,eLt4nHt2G00HVEoHhiYgrFeSmQYus2COAvoVZBlm6QZiIEo4sG+BDHBAAWlg8NkBABD4fzQ=,086800146d98bfea6ef6ab791b7c8c7e,file:///F:/bigneuron/BigNeurongit/Data/gold166_wids/214/214.tif,0,0,0,0,0,0,0,F:\bigneuron\BigNeurongit\Data\gold166_wids\214,Done,255,0,file:///F:/bigneuron/BigNeurongit/Data/gold166_wids/214/214.tif,1024
-1,0,0,0.296875,0,1.015625,215.tif,0,72,1,1024,72,0.21428900229432482,0.6932692504304766,0.0400585391487688,0.0,1.0,0.0026530881877988577,0.0,0.0,0.03871917724609375,99.56216812133789,-0.9923519418419827,255,0.042887114,0.03522565437989289,1048576,2781.9646,eLt4nHt2G00HVEoHhqYgrFeSmQYus2COAvoVZBlm6QZiIEo4sG+BDHBAAWlg8NkBABGWfzY=,01192ce1588d56b520605827224cc867,file:///F:/bigneuron/BigNeurongit/Data/gold166_wids/215/215.tif,0,0,0,0,0,0,0,F:\bigneuron\BigNeurongit\Data\gold166_wids\215,Done,255,0,file:///F:/bigneuron/BigNeurongit/Data/gold166_wids/215/215.tif,1024
-1,0,0,0.25,0,0.9375,217.tif,0,73,1,1024,73,0.11321108232733813,0.5352589787770723,0.038537071166782615,0.0,1.0,0.0016005721408873796,0.0,0.0,0.011444091796875,99.61881637573242,-0.6888836610112603,255,0.02926979,0.003906369151586295,1048576,1678.3215,eLt4nHt2G00HVEoHhuYgrFeSmQYus2COAvoVZBlm6QZiIEo4sG+BDHBAAWlg8NkBABLSfzo=,3e64188c09f9e5400bd65443b6200e54,file:///F:/bigneuron/BigNeurongit/Data/gold166_wids/217/217.tif,0,0,0,0,0,0,0,F:\bigneuron\BigNeurongit\Data\gold166_wids\217,Done,255,0,file:///F:/bigneuron/BigNeurongit/Data/gold166_wids/217/217.tif,1024
-1,0,0,0.171875,0,0.890625,219.tif,0,74,1,1024,74,0.24409923825839466,0.5971101027807814,0.03987397484500332,0.0,1.0,0.005428369622677565,0.0,0.0,0.05931854248046875,98.9140510559082,-0.8399022018945259,255,0.056932718,0.03608494179990239,1048576,5692.058,eLt4nHt2G00HVEoHhpYgrFeSmQYus2COAvoVZBlm6QZiIEo4sG+BDHBAAWlg8NkBABQOfz4=,609e2b5dd519a6e678f36a5586d3e63e,file:///F:/bigneuron/BigNeurongit/Data/gold166_wids/219/219.tif,0,0,0,0,0,0,0,F:\bigneuron\BigNeurongit\Data\gold166_wids\219,Done,255,0,file:///F:/bigneuron/BigNeurongit/Data/gold166_wids/219/219.tif,1024
-1,0,0,0.125,0,0.234375,22.tif,0,75,1,511,75,0.3041350994814711,0.8304210845333826,0.1803991070568751,0.0,1.0,0.012501739794482252,0.0,0.0,0.7766514374561985,97.08411043156238,-0.7185404431755127,255,0.10189067,0.04454045813531665,261121,3264.4668,eLt4nHt2G00HVEoHwIRgpFeSmQYusWBOAvoUZBVm2QZiIMo3sF+BDHAwAWlg4NkBACDofs4=,adde7833564b8d31fd3a5b5a9842e3a3,file:///F:/bigneuron/BigNeurongit/Data/gold166_wids/22/22.tif,0,0,0,0,0,0,0,F:\bigneuron\BigNeurongit\Data\gold166_wids\22,Done,255,0,file:///F:/bigneuron/BigNeurongit/Data/gold166_wids/22/22.tif,511
-1,0,0,0.21875,0,1.015625,225.tif,0,76,1,1024,76,0.12688591482798478,0.6676651927453126,0.05861452423103125,0.0,1.0,0.001841261051595211,0.0,0.0,0.0362396240234375,99.64561462402344,-0.6714061259994702,255,0.03506203,0.003906369151586295,1048576,1930.7021,eLt4nHt2G00HVEoHRqYgrFeSmQYus2COAvoVZBlm6QZiIEo4sG+BDHBAAWlg8NkBABI2fzg=,aea16148d5def31db20e75f15e797a71,file:///F:/bigneuron/BigNeurongit/Data/gold166_wids/225/225.tif,0,0,0,0,0,0,0,F:\bigneuron\BigNeurongit\Data\gold166_wids\225,Done,255,0,file:///F:/bigneuron/BigNeurongit/Data/gold166_wids/225/225.tif,1024
-1,0,0,0.328125,0,0.28125,23.tif,0,77,1,511,77,0.06895622684859501,0.5563539777211829,0.6373405983833909,0.0,1.0,0.004436918638623234,0.0,0.0,0.17731243369931948,96.03249068439536,-0.7688243485602542,255,0.049683973,0.01358471189913022,261121,1158.5726,eLt4nHt2G00HVEoHxkCkV5KZBi6xYE4C+hRkFWbZBmIgyjewX4EMcDABaWDg2QEAIYV+0A==,d69a4b57c114d92f91c96cd84f40629c,file:///F:/bigneuron/BigNeurongit/Data/gold166_wids/23/23.tif,0,0,0,0,0,0,0,F:\bigneuron\BigNeurongit\Data\gold166_wids\23,Done,255,0,file:///F:/bigneuron/BigNeurongit/Data/gold166_wids/23/23.tif,511
-1,0,0,0.25,0,0.921875,238.tif,0,78,1,1024,78,0.05883977869750769,0.6324773754467232,0.05528987237613495,0.0,1.0,0.0018609324470162392,0.0,0.0,0.024127960205078125,99.60489273071289,-0.32623126627916715,255,0.034307398,0.017060564048076557,1048576,1951.3291,eLt4nHt2G00HVEoHxhYgrFeSmQYus2COAvoVZBlm6QZiIEo4sG+BDHBAAWlg8NkBABSwf0A=,37fdd7768ce225cf0339930895f1c1d4,file:///F:/bigneuron/BigNeurongit/Data/gold166_wids/238/238.tif,0,0,0,0,0,0,0,F:\bigneuron\BigNeurongit\Data\gold166_wids\238,Done,255,0,file:///F:/bigneuron/BigNeurongit/Data/gold166_wids/238/238.tif,1024
-1,0,0,0.296875,0,0.296875,24.tif,0,79,1,511,79,0.11135625156527865,0.638169824139645,2.207039789790533,0.0,1.0,0.004217051736940202,0.0,0.0,0.11029369526005185,98.1610058172265,-1.0238757372025922,255,0.05187673,0.021479315781716104,261121,1101.1608,eLt4nHt2G00HVEoHJkCkV5KZBi6xYE4C+hRkFWbZBmIgyjewX4EMcDABaWDg2QEAIiJ+0g==,5de38a3f61c61f21bc8dc482cd3f9bc1,file:///F:/bigneuron/BigNeurongit/Data/gold166_wids/24/24.tif,0,0,0,0,0,0,0,F:\bigneuron\BigNeurongit\Data\gold166_wids\24,Done,255,0,file:///F:/bigneuron/BigNeurongit/Data/gold166_wids/24/24.tif,511
-1,0,0,0.234375,0,0.265625,245.tif,0,80,1,512,80,0.15118825128589852,0.4243691086718402,0.12413771809969815,0.0,1.0,0.013571677729487419,0.0,0.0,0.146484375,93.08128356933594,-0.9797032669084905,255,0.07589071,0.017503767990028465,262144,3557.734,eLt4nHt2G00HVEoHJqYgrFeSmQYus2COAvoVZBlm6QZiIEo4sG+BDHBAAWlg8NkBABN2fzw=,3fab6cd7eff2b06bdd47dc75cedaa452,file:///F:/bigneuron/BigNeurongit/Data/gold166_wids/245/245.tif,0,0,0,0,0,0,0,F:\bigneuron\BigNeurongit\Data\gold166_wids\245,Done,255,0,file:///F:/bigneuron/BigNeurongit/Data/gold166_wids/245/245.tif,512
-1,0,0,0.265625,0,0.296875,249.tif,0,81,1,512,81,0.5916387055988331,0.343733011712398,1.4609030703336379,0.011764707,1.0,0.04531678184866905,0.015686275,0.0,0.37994384765625,0.008392333984375,-1.319686839883139,255,0.12480735,0.01358471189913022,262144,11879.522,eLt4nHt2G00HVEoHoFRgYqlXkpkGLrNgjgL6FWQZZukGYiBKOLBvgQxwQAFpYPDZAQAV7n9E,8b36e481b73343416cdd3072d4811878,file:///F:/bigneuron/BigNeurongit/Data/gold166_wids/249/249.tif,0,0,0,0,0,0,0,F:\bigneuron\BigNeurongit\Data\gold166_wids\249,Done,255,0,file:///F:/bigneuron/BigNeurongit/Data/gold166_wids/249/249.tif,512
-1,0,0,0.171875,0,0.265625,25.tif,0,82,1,511,82,0.4055879652260777,0.7041787861514077,0.13761768036409394,0.0,1.0,0.01812753279968865,0.0,0.0,0.9930262215601197,91.1052730343404,-0.9872661688044162,255,0.11298241,0.010355368961363886,261121,4733.4795,eLt4nHt2G00HVEoHpkCkV5KZBi6xYE4C+hRkFWbZBmIgyjewX4EMcDABaWDg2QEAIr9+1A==,44233a61d179af6d06e8950aa634281d,file:///F:/bigneuron/BigNeurongit/Data/gold166_wids/25/25.tif,0,0,0,0,0,0,0,F:\bigneuron\BigNeurongit\Data\gold166_wids\25,Done,255,0,file:///F:/bigneuron/BigNeurongit/Data/gold166_wids/25/25.tif,511
-1,0,0,0.203125,0,0.921875,250.tif,0,83,1,1024,83,0.22537985163257301,0.351225284139209,1.0228156054494484,0.0,1.0,0.00855094101279974,0.0,0.0,0.095367431640625,86.52315139770508,-1.088975569668463,255,0.054802433,0.01358471189913022,1048576,8966.312,eLt4nHt2G00HVEoHpgYgrFeSmQYus2COAvoVZBlm6QZiIEo4sG+BDHBAAWlg8NkBABEAfzQ=,eaba5c3f24369d1ef7d2872ff111b4b6,file:///F:/bigneuron/BigNeurongit/Data/gold166_wids/250/250.tif,0,0,0,0,0,0,0,F:\bigneuron\BigNeurongit\Data\gold166_wids\250,Done,255,0,file:///F:/bigneuron/BigNeurongit/Data/gold166_wids/250/250.tif,1024
-1,0,0,0.265625,0,1.109375,251.tif,0,84,1,1024,84,0.531808336242613,0.2757057897140277,0.08234713699062816,0.0,1.0,0.02572568692266941,0.0,0.0,0.09918212890625,84.6353530883789,-1.1671619057398768,255,0.08421829,0.019211683826976928,1048576,26975.338,eLt4nHt2G00HVEoHpoYgrFeSmQYus2COAvoVZBlm6QZiIEo4sG+BDHBAAWlg8NkBABGefzY=,09dd7ae21753eac187d36f49b7956c8a,file:///F:/bigneuron/BigNeurongit/Data/gold166_wids/251/251.tif,0,0,0,0,0,0,0,F:\bigneuron\BigNeurongit\Data\gold166_wids\251,Done,255,0,file:///F:/bigneuron/BigNeurongit/Data/gold166_wids/251/251.tif,1024
-1,0,0,0.28125,0,1.078125,252.tif,0,85,1,1024,85,0.5623508355240412,0.22174495895842897,0.032846497623889706,0.0,1.0,0.036812156438827515,0.0,0.0,0.03261566162109375,72.99785614013672,-1.0402707446307804,255,0.090348825,0.021479315781716104,1048576,38600.344,eLt4nHt2G00HVEoHpkYgrFeSmQYus2COAvoVZBlm6QZiIEo4sG+BDHBAAWlg8NkBABI8fzg=,fa3feb4f59de6972dc5ab69aa4af91af,file:///F:/bigneuron/BigNeurongit/Data/gold166_wids/252/252.tif,0,0,0,0,0,0,0,F:\bigneuron\BigNeurongit\Data\gold166_wids\252,Done,255,0,file:///F:/bigneuron/BigNeurongit/Data/gold166_wids/252/252.tif,1024
-1,0,0,0.21875,0,0.890625,253.tif,0,86,1,1024,86,0.30987614516232215,0.2935528440158878,0.2810926018311141,0.0,1.0,0.029234327375888824,0.0,0.0,0.28820037841796875,69.01407241821289,-1.1181600709121973,255,0.09263811,0.017537787739216847,1048576,30654.414,eLt4nHt2G00HVEoHpsYgrFeSmQYus2COAvoVZBlm6QZiIEo4sG+BDHBAAWlg8NkBABLafzo=,2a80b09b5c9ec25815301850d5d4cf50,file:///F:/bigneuron/BigNeurongit/Data/gold166_wids/253/253.tif,0,0,0,0,0,0,0,F:\bigneuron\BigNeurongit\Data\gold166_wids\253,Done,255,0,file:///F:/bigneuron/BigNeurongit/Data/gold166_wids/253/253.tif,1024
-1,0,0,0.1875,0,0.921875,254.tif,0,87,1,1024,87,0.2553464228707797,0.3021392117654593,0.7554436459115673,0.0,1.0,0.01768362522125244,0.0,0.0,0.11577606201171875,77.80685424804688,-0.8218757423702813,255,0.073095255,0.01358471189913022,1048576,18542.625,eLt4nHt2G00HVEoHpiYgrFeSmQYus2COAvoVZBlm6QZiIEo4sG+BDHBAAWlg8NkBABN4fzw=,54b5fea7adc1a23d5df87a96aaf4c416,file:///F:/bigneuron/BigNeurongit/Data/gold166_wids/254/254.tif,0,0,0,0,0,0,0,F:\bigneuron\BigNeurongit\Data\gold166_wids\254,Done,255,0,file:///F:/bigneuron/BigNeurongit/Data/gold166_wids/254/254.tif,1024
-1,0,0,0.34375,0,1.03125,255.tif,0,88,1,1024,88,0.5006574254696947,0.3715171298836846,0.19424813777959596,0.0,1.0,0.03600659966468811,0.0,0.0,0.34160614013671875,79.83016967773438,-1.0590853096054542,255,0.11565928,0.02320031317726547,1048576,37755.656,eLt4nHt2G00HVEoHpqYgrFeSmQYus2COAvoVZBlm6QZiIEo4sG+BDHBAAWlg8NkBABQWfz4=,22c0a33a1b48ee189731a45ccbadcf7a,file:///F:/bigneuron/BigNeurongit/Data/gold166_wids/255/255.tif,0,0,0,0,0,0,0,F:\bigneuron\BigNeurongit\Data\gold166_wids\255,Done,255,0,file:///F:/bigneuron/BigNeurongit/Data/gold166_wids/255/255.tif,1024
-1,0,0,0.40625,0,4.953125,256.tif,0,89,1,1025,89,0.2310631537109019,0.13381976577985363,1.3905487469742261,0.007843139,1.0,0.04660025336305435,0.03137255,0.0,0.12845701251911562,0.08895570358466602,-0.6666020381754022,255,0.07896857,0.056828929774763885,1929050,89894.22,eLt4nHt2G00HVEoHpmYgrFeSmQYus2COAvoVZBlm6QZiIEo4sG+BDHBAAWlg8NkBABS0f0A=,b3309242c257e8d543b53fc8d0b9cfe6,file:///F:/bigneuron/BigNeurongit/Data/gold166_wids/256/256.tif,0,0,0,0,0,0,0,F:\bigneuron\BigNeurongit\Data\gold166_wids\256,Done,255,0,file:///F:/bigneuron/BigNeurongit/Data/gold166_wids/256/256.tif,1882
-1,0,0,0.359375,0,39.203125,257.tif,0,90,1,3403,90,0.14286869038703914,0.07419282353289766,0.5491272436498924,0.011764709,1.0,0.06652200360174856,0.050980393,0.0,0.00808771706854918,1.04094904418079,-0.6944282819462728,255,0.07025279,0.06075267955156405,7183733,477876.3,eLt4nHt2G00HVEoHpuYgrFeSmQYus2COAvoVZBlm6QZiIEo4sG+BDHBAAWlg8NkBABVSf0I=,9fc9945dff4b6b77b1746e4aaf442d77,file:///F:/bigneuron/BigNeurongit/Data/gold166_wids/257/257.tif,0,0,0,0,0,0,0,F:\bigneuron\BigNeurongit\Data\gold166_wids\257,Done,255,0,file:///F:/bigneuron/BigNeurongit/Data/gold166_wids/257/257.tif,2111
-1,0,0,0.296875,0,0.875,258.tif,0,91,1,616,91,0.28452750289098366,0.9685454127914658,0.050434667876780026,0.0,1.0,0.031454770184278384,0.0,0.0,3.145477018427838,96.85452298157216,-0.7273356965164872,255,0.17454334,0.06250095320542157,676368,21275.0,eLt4nHt2G00HVEoHphYgrFeSmQYus2COAvoVZBlm6QZiIEo4sG+BDHBAAWlg8NkBABXwf0Q=,4d42cb0bc5a2cc7569b14e03ba4a016d,file:///F:/bigneuron/BigNeurongit/Data/gold166_wids/258/258.tif,0,0,0,0,0,0,0,F:\bigneuron\BigNeurongit\Data\gold166_wids\258,Done,255,0,file:///F:/bigneuron/BigNeurongit/Data/gold166_wids/258/258.tif,1098
-1,0,0,0.296875,0,14.03125,259.tif,0,92,1,1267,92,0.3298554761047392,0.9936519204291759,0.0352884178063649,0.0,1.0,0.006357498232470425,0.0,0.0,0.6357498232470425,99.36425017675296,-0.7526152515208178,255,0.07948044,0.06250095320542157,2674637,17004.0,eLt4nHt2G00HVEoHppYgrFeSmQYus2COAvoVZBlm6QZiIEo4sG+BDHBAAWlg8NkBABaOf0Y=,fc6d90f7a0db5df5aaef8944fd8930ef,file:///F:/bigneuron/BigNeurongit/Data/gold166_wids/259/259.tif,0,0,0,0,0,0,0,F:\bigneuron\BigNeurongit\Data\gold166_wids\259,Done,255,0,file:///F:/bigneuron/BigNeurongit/Data/gold166_wids/259/259.tif,2111
-1,0,0,0.265625,0,3.234375,260.tif,0,93,1,1524,93,0.31184052283764346,0.9600450676794764,0.054708170473673365,0.0,1.0,0.03995528336735686,0.0,0.0,3.9955283367356857,96.00447166326431,-0.6050572558512032,255,0.19585422,0.06250095320542157,3086100,123306.0,eLt4nHt2G00HVEoHZgYgrFeSmQYus2COAvoVZBlm6QZiIEo4sG+BDHBAAWlg8NkBABGgfzY=,e61e5d6f7ac598b1584b833e3f4c0cb5,file:///F:/bigneuron/BigNeurongit/Data/gold166_wids/260/260.tif,0,0,0,0,0,0,0,F:\bigneuron\BigNeurongit\Data\gold166_wids\260,Done,255,0,file:///F:/bigneuron/BigNeurongit/Data/gold166_wids/260/260.tif,2025
-1,0,0,0.171875,0,0.3125,261.tif,0,94,1,512,94,0.5515377905087905,0.8784317129648587,0.1712456229985911,0.0,0.99215686,0.11372502893209457,0.0,0.0,11.46240234375,88.53759765625,-1.0243182118728773,255,0.3160691,0.062010752406471845,262144,29812.334,eLt4nHt2G00HVEoHZoYgrFeSmQYus2COAvoVZBlm6QZiIEo4sG+BDHBAAWlg8NkBABI+fzg=,1ef2283c9c9fc1d1249bea48a8514eeb,file:///F:/bigneuron/BigNeurongit/Data/gold166_wids/261/261.tif,0,0,0,0,0,0,0,F:\bigneuron\BigNeurongit\Data\gold166_wids\261,Done,255,0,file:///F:/bigneuron/BigNeurongit/Data/gold166_wids/261/261.tif,512
-1,0,0,0.28125,0,3.3125,262.tif,0,95,1,1258,95,0.3146544772063322,0.98991225123365,0.04267720292650789,0.0,1.0,0.010082750730055677,0.0,0.0,1.0082750730055676,98.99172492699444,-0.7205865543397623,255,0.09990515,0.06250095320542157,3006620,30315.0,eLt4nHt2G00HVEoHZkYgrFeSmQYus2COAvoVZBlm6QZiIEo4sG+BDHBAAWlg8NkBABLcfzo=,08f28e48ced8196b624c010486001c92,file:///F:/bigneuron/BigNeurongit/Data/gold166_wids/262/262.tif,0,0,0,0,0,0,0,F:\bigneuron\BigNeurongit\Data\gold166_wids\262,Done,255,0,file:///F:/bigneuron/BigNeurongit/Data/gold166_wids/262/262.tif,2390
-1,0,0,0.171875,0,0.203125,263.tif,0,96,1,512,96,0.2482792550614688,0.9869680394481162,0.03427243631582263,0.0,0.99215686,0.0051889303140342236,0.0,0.0,0.5229949951171875,99.47700500488281,-0.9546535385773731,255,0.07156332,0.062010752406471845,262144,1360.247,eLt4nHt2G00HVEoHZsYgrFeSmQYus2COAvoVZBlm6QZiIEo4sG+BDHBAAWlg8NkBABN6fzw=,33812eecdad5e7c231dc281e9f9b1644,file:///F:/bigneuron/BigNeurongit/Data/gold166_wids/263/263.tif,0,0,0,0,0,0,0,F:\bigneuron\BigNeurongit\Data\gold166_wids\263,Done,255,0,file:///F:/bigneuron/BigNeurongit/Data/gold166_wids/263/263.tif,512
-1,0,0,0.1875,0,1.375,264.tif,0,97,1,560,97,0.5758638027386139,0.9314636007716912,0.16339556091236718,0.0,0.99215686,0.06069322094276658,0.0,0.0,6.117301937312963,93.88269806268704,-1.141773563556997,255,0.23776779,0.062010752406471845,507920,30827.3,eLt4nHt2G00HVEoHZiYgrFeSmQYus2COAvoVZBlm6QZiIEo4sG+BDHBAAWlg8NkBABQYfz4=,11d655d2dd231cff2dac77fad7af1f9d,file:///F:/bigneuron/BigNeurongit/Data/gold166_wids/264/264.tif,0,0,0,0,0,0,0,F:\bigneuron\BigNeurongit\Data\gold166_wids\264,Done,255,0,file:///F:/bigneuron/BigNeurongit/Data/gold166_wids/264/264.tif,907
-1,0,0,0.3125,0,1.078125,265.tif,0,98,1,1024,98,0.7699316442526957,0.13155372423985756,0.2657380162737443,0.0039215693,1.0,0.026758745312690735,0.015686275,0.007843138,0.00438690185546875,0.17957687377929688,-1.8688107302760941,255,0.05933138,0.04112975926590313,1048576,28058.578,eLt4nHt2G00HVEoHZqYgrFeSmQYus2COAvoVZBlm6QZiIEo4sG+BDHBAAWlg8NkBABS2f0A=,54f972e905caf89620daf51eb392ea5d,file:///F:/bigneuron/BigNeurongit/Data/gold166_wids/265/265.tif,0,0,0,0,0,0,0,F:\bigneuron\BigNeurongit\Data\gold166_wids\265,Done,255,0,file:///F:/bigneuron/BigNeurongit/Data/gold166_wids/265/265.tif,1024
-1,0,0,0.34375,0,1.03125,266.tif,0,99,1,1024,99,0.8371406134098206,0.35260194240847115,1.8237674538613273,0.007843137,1.0,0.13746997714042664,0.05490196,0.03529412,3.8003921508789062,1.2455940246582031,-1.985956274565495,255,0.22016399,0.17183452723558493,1048576,144147.72,eLt4nHt2G00HVEoHZmYgrFeSmQYus2COAvoVZBlm6QZiIEo4sG+BDHBAAWlg8NkBABVUf0I=,cb4e618eb879e7363ed1ef5d1c4fd3bc,file:///F:/bigneuron/BigNeurongit/Data/gold166_wids/266/266.tif,0,0,0,0,0,0,0,F:\bigneuron\BigNeurongit\Data\gold166_wids\266,Done,255,0,file:///F:/bigneuron/BigNeurongit/Data/gold166_wids/266/266.tif,1024
-1,0,0,0.21875,0,1.03125,267.tif,0,100,1,1024,100,0.7699316442526957,0.13155372423985756,0.2657380162737443,0.0039215693,1.0,0.026758745312690735,0.015686275,0.007843138,0.00438690185546875,0.17957687377929688,-1.8688107302760941,255,0.05933138,0.04112975926590313,1048576,28058.578,eLt4nHt2G00HVEoHZuYgrFeSmQYus2COAvoVZBlm6QZiIEo4sG+BDHBAAWlg8NkBABXyf0Q=,54f972e905caf89620daf51eb392ea5d,file:///F:/bigneuron/BigNeurongit/Data/gold166_wids/267/267.tif,0,0,0,0,0,0,0,F:\bigneuron\BigNeurongit\Data\gold166_wids\267,Done,255,0,file:///F:/bigneuron/BigNeurongit/Data/gold166_wids/267/267.tif,1024
-1,0,0,0.328125,0,1.171875,268.tif,0,101,1,1024,101,0.4288900692934709,0.33596861452001914,21.171702405030857,0.0039215693,1.0,0.03958705812692642,0.015686275,0.007843138,0.9381294250488281,0.3039360046386719,-1.1378772492311378,255,0.11532567,0.04505539368168285,1048576,41510.04,eLt4nHt2G00HVEoHZhYgrFeSmQYus2COAvoVZBlm6QZiIEo4sG+BDHBAAWlg8NkBABaQf0Y=,a0da59436a99cb79aae72f497c479ce7,file:///F:/bigneuron/BigNeurongit/Data/gold166_wids/268/268.tif,0,0,0,0,0,0,0,F:\bigneuron\BigNeurongit\Data\gold166_wids\268,Done,255,0,file:///F:/bigneuron/BigNeurongit/Data/gold166_wids/268/268.tif,1024
-1,0,0,0.28125,0,1.125,269.tif,0,102,1,1024,102,0.7815460506623574,0.2594736740338353,1.2605360640835894,0.0,1.0,0.04739527404308319,0.015686275,0.011764706,9.5367431640625e-05,20.096111297607422,-2.1246043356910085,255,0.11089557,0.05476172934723052,1048576,49697.547,eLt4nHt2G00HVEoHZpYgrFeSmQYus2COAvoVZBlm6QZiIEo4sG+BDHBAAWlg8NkBABcuf0g=,137ab040fd52418c5cae0a63ea8b28bc,file:///F:/bigneuron/BigNeurongit/Data/gold166_wids/269/269.tif,0,0,0,0,0,0,0,F:\bigneuron\BigNeurongit\Data\gold166_wids\269,Done,255,0,file:///F:/bigneuron/BigNeurongit/Data/gold166_wids/269/269.tif,1024
-1,0,0,0.234375,0,1.265625,270.tif,0,103,1,1024,103,0.7353648081953567,0.23095416318635645,4.133547556982785,0.0039215684,1.0,0.1486058533191681,0.08235294,0.07450981,2.0995140075683594,9.5367431640625e-05,-1.9527698429545883,255,0.18525966,0.23084019961472077,1048576,155824.53,eLt4nHt2G00HVEoH5gYgrFeSmQYus2COAvoVZBlm6QZiIEo4sG+BDHBAAWlg8NkBABJAfzg=,f84646011a619ddcfe9bae7666813ac2,file:///F:/bigneuron/BigNeurongit/Data/gold166_wids/270/270.tif,0,0,0,0,0,0,0,F:\bigneuron\BigNeurongit\Data\gold166_wids\270,Done,255,0,file:///F:/bigneuron/BigNeurongit/Data/gold166_wids/270/270.tif,1024
-1,0,0,0.359375,0,1.0625,271.tif,0,104,1,1024,104,0.707517440946367,0.40648536378439803,13.828486925933474,0.0,1.0,0.04416004940867424,0.011764706,0.007843138,1.3167381286621094,4.566192626953125,-1.8326106195506253,255,0.13397916,0.05082933935854686,1048576,46305.168,eLt4nHt2G00HVEoH5oYgrFeSmQYus2COAvoVZBlm6QZiIEo4sG+BDHBAAWlg8NkBABLefzo=,ee62b9d0fcdccaa383e6f1576f40e274,file:///F:/bigneuron/BigNeurongit/Data/gold166_wids/271/271.tif,0,0,0,0,0,0,0,F:\bigneuron\BigNeurongit\Data\gold166_wids\271,Done,255,0,file:///F:/bigneuron/BigNeurongit/Data/gold166_wids/271/271.tif,1024
-1,0,0,0.328125,0,0.890625,272.tif,0,105,1,1024,105,0.9116835899232043,0.2794419950496928,0.9727993028150788,0.007843137,1.0,0.19398602843284607,0.101960786,0.08627451,4.161930084228516,2.0212173461914062,-2.16650624927115,255,0.23282577,0.2502132958005103,1048576,203409.1,eLt4nHt2G00HVEoH5kYgrFeSmQYus2COAvoVZBlm6QZiIEo4sG+BDHBAAWlg8NkBABN8fzw=,3f72088283962f02567d7708755ac4cd,file:///F:/bigneuron/BigNeurongit/Data/gold166_wids/272/272.tif,0,0,0,0,0,0,0,F:\bigneuron\BigNeurongit\Data\gold166_wids\272,Done,255,0,file:///F:/bigneuron/BigNeurongit/Data/gold166_wids/272/272.tif,1024
-1,0,0,0.359375,0,4.078125,273.tif,0,106,1,2048,106,0.5997352271780132,0.022197302364287047,0.08024848773499026,0.015686281,1.0,0.13735072314739227,0.12941177,0.0627451,0.03170967102050781,2.384185791015625e-05,-1.457057727100852,255,0.05521608,0.14312383179563712,4194304,576090.7,eLt4nHt2G00HVEoH5sYgrFeSmQYus2COAvoVZBlm6QZiIEo4sG+BDHBAAWlg8NkBABQafz4=,48f0ef11dd7ccb1d386537e1927fa52f,file:///F:/bigneuron/BigNeurongit/Data/gold166_wids/273/273.tif,0,0,0,0,0,0,0,F:\bigneuron\BigNeurongit\Data\gold166_wids\273,Done,255,0,file:///F:/bigneuron/BigNeurongit/Data/gold166_wids/273/273.tif,2048
-1,0,0,0.421875,0,1.3125,274.tif,0,107,1,1024,107,0.11024600296742748,0.007880191059410976,0.10812600564623726,0.015686274,1.0,0.12948572635650635,0.1254902,0.07058824,0.00247955322265625,0.00019073486328125,-0.9812654798141532,255,0.031943265,0.12743589796947188,1048576,135775.62,eLt4nHt2G00HVEoH5iYgrFeSmQYus2COAvoVZBlm6QZiIEo4sG+BDHBAAWlg8NkBABS4f0A=,4c762c294e3879d38a5ad1237300fecb,file:///F:/bigneuron/BigNeurongit/Data/gold166_wids/274/274.tif,0,0,0,0,0,0,0,F:\bigneuron\BigNeurongit\Data\gold166_wids\274,Done,255,0,file:///F:/bigneuron/BigNeurongit/Data/gold166_wids/274/274.tif,1024
-1,0,0,0.1875,0,0.9375,275.tif,0,108,1,860,108,0.33146201805445313,0.12285339357183218,0.8134320901148675,0.0,1.0,0.012646004954582646,0.007843138,0.003921569,0.1186738332180299,0.020754616571763078,-1.3544677594967907,255,0.03941579,0.017537787739216847,751640,9505.243,eLt4nHt2G00HVEoH5qYgrFeSmQYus2COAvoVZBlm6QZiIEo4sG+BDHBAAWlg8NkBABVWf0I=,f01b58275bdd81bb2631aecfcf0b2878,file:///F:/bigneuron/BigNeurongit/Data/gold166_wids/275/275.tif,0,0,0,0,0,0,0,F:\bigneuron\BigNeurongit\Data\gold166_wids\275,Done,255,0,file:///F:/bigneuron/BigNeurongit/Data/gold166_wids/275/275.tif,874
-1,0,0,0.3125,0,0.578125,276.tif,0,109,1,732,109,0.30036293594838326,0.09452124211264422,1.6459539764365017,0.0,1.0,0.02005249690488388,0.015686275,0.011764706,0.15437158469945356,9.075526932084308,-1.3616582833678876,255,0.04353604,0.03327561281726903,512400,10274.899,eLt4nHt2G00HVEoH5mYgrFeSmQYus2COAvoVZBlm6QZiIEo4sG+BDHBAAWlg8NkBABX0f0Q=,ca82e823952e841da6b02c79fe9dbeb4,file:///F:/bigneuron/BigNeurongit/Data/gold166_wids/276/276.tif,0,0,0,0,0,0,0,F:\bigneuron\BigNeurongit\Data\gold166_wids\276,Done,255,0,file:///F:/bigneuron/BigNeurongit/Data/gold166_wids/276/276.tif,700
-1,0,0,0.203125,0,0.28125,277.tif,0,110,1,585,110,0.16358613061752333,0.018884916281585815,1.783212110232341,0.0,1.0,0.06401461569280079,0.05882353,0.05490196,0.005259697567389875,0.031229454306377382,-1.6734825002622733,255,0.034769394,0.3052280778834111,304200,19473.246,eLt4nHt2G00HVEoH5uYgrFeSmQYus2COAvoVZBlm6QZiIEo4sG+BDHBAAWlg8NkBABaSf0Y=,bce875b56fde64c490ad64674d1544a1,file:///F:/bigneuron/BigNeurongit/Data/gold166_wids/277/277.tif,0,0,0,0,0,0,0,F:\bigneuron\BigNeurongit\Data\gold166_wids\277,Done,255,0,file:///F:/bigneuron/BigNeurongit/Data/gold166_wids/277/277.tif,520
-1,0,0,0.390625,0,1.390625,278.tif,0,111,1,716,111,0.22765865786977632,0.036414000629058405,3.5448610929924023,0.0039215684,1.0,0.0649644030589708,0.05882353,0.050980393,0.16019296470622738,0.004948752914265605,-1.0369465842050478,255,0.048637576,0.11133388022095302,545592,35444.06,eLt4nHt2G00HVEoH5hYgrFeSmQYus2COAvoVZBlm6QZiIEo4sG+BDHBAAWlg8NkBABcwf0g=,fff99cd4b57467dfeebcd2ff904f8144,file:///F:/bigneuron/BigNeurongit/Data/gold166_wids/278/278.tif,0,0,0,0,0,0,0,F:\bigneuron\BigNeurongit\Data\gold166_wids\278,Done,255,0,file:///F:/bigneuron/BigNeurongit/Data/gold166_wids/278/278.tif,762
-1,0,0,0.3125,0,1.015625,279.tif,0,112,1,976,112,0.4859887036591474,0.0568539188953782,2.026343642250737,0.0,1.0,0.07457271803653244,0.0627451,0.05882353,0.21639634240643366,0.5528920507268791,-1.4760023269324198,255,0.06511337,0.14030230271541694,827648,61719.96,eLt4nHt2G00HVEoH5pYgrFeSmQYus2COAvoVZBlm6QZiIEo4sG+BDHBAAWlg8NkBABfOf0o=,ac7f95f2581feec61aa6353e94031b24,file:///F:/bigneuron/BigNeurongit/Data/gold166_wids/279/279.tif,0,0,0,0,0,0,0,F:\bigneuron\BigNeurongit\Data\gold166_wids\279,Done,255,0,file:///F:/bigneuron/BigNeurongit/Data/gold166_wids/279/279.tif,848
-1,0,0,0.203125,0,0.625,280.tif,0,113,1,429,113,0.0442542021659299,0.12368197678260204,3.125470834306935,0.011764705,1.0,0.06760442613249583,0.050980393,0.015686275,0.5168544991553841,0.006876113070803336,-0.2846645198734134,255,0.09144095,0.06859943256510717,436293,29495.338,eLt4nHt2G00HVEoHFgYgrFeSmQYus2COAvoVZBlm6QZiIEo4sG+BDHBAAWlg8NkBABLgfzo=,43e08879829b588e7bf6c3deb5903874,file:///F:/bigneuron/BigNeurongit/Data/gold166_wids/280/280.tif,0,0,0,0,0,0,0,F:\bigneuron\BigNeurongit\Data\gold166_wids\280,Done,255,0,file:///F:/bigneuron/BigNeurongit/Data/gold166_wids/280/280.tif,1017
-1,0,0,0.375,0,3.703125,281.tif,0,114,1,2048,114,0.15245980125089745,0.09422784788472596,1.0371685810891513,0.011764707,1.0,0.05052230507135391,0.039215688,0.003921569,0.0814199447631836,0.007152557373046875,-0.5471787794350134,255,0.06899716,0.04505539368168285,4194304,211905.9,eLt4nHt2G00HVEoHFoYgrFeSmQYus2COAvoVZBlm6QZiIEo4sG+BDHBAAWlg8NkBABN+fzw=,5ed4721fc6841c2b4cc9b8f141fff329,file:///F:/bigneuron/BigNeurongit/Data/gold166_wids/281/281.tif,0,0,0,0,0,0,0,F:\bigneuron\BigNeurongit\Data\gold166_wids\281,Done,255,0,file:///F:/bigneuron/BigNeurongit/Data/gold166_wids/281/281.tif,2048
-1,0,0,0.125,0,0.53125,282.tif,0,115,1,524,115,0.058829053288677095,0.057386028255937534,0.5814275458415856,0.007843137,1.0,0.04744112904974704,0.039215688,0.007843138,0.09625931812585346,0.0013058434629476246,-0.3960778024843682,255,0.05217718,0.04505539368168285,536052,25430.912,eLt4nHt2G00HVEoHFkYgrFeSmQYus2COAvoVZBlm6QZiIEo4sG+BDHBAAWlg8NkBABQcfz4=,079d36edc5586974141d8962de2d73eb,file:///F:/bigneuron/BigNeurongit/Data/gold166_wids/282/282.tif,0,0,0,0,0,0,0,F:\bigneuron\BigNeurongit\Data\gold166_wids\282,Done,255,0,file:///F:/bigneuron/BigNeurongit/Data/gold166_wids/282/282.tif,1023
-1,0,0,0.1875,0,0.953125,283.tif,0,116,1,1024,116,0.09199875820045308,0.22595540310091752,5.600005374980455,0.011764705,0.99607843,0.06371340900659561,0.039215688,0.007843138,0.8879661560058594,0.005054473876953125,-0.3901500245505071,255,0.119984955,0.11133388810489166,1048576,66808.35,eLt4nHt2G00HVEoHFsYgrFeSmQYus2COAvoVZBlm6QZiIEo4sG+BDHBAAWlg8NkBABS6f0A=,dddeb783b8ce16a7e40d325c46c1c5db,file:///F:/bigneuron/BigNeurongit/Data/gold166_wids/283/283.tif,0,0,0,0,0,0,0,F:\bigneuron\BigNeurongit\Data\gold166_wids\283,Done,255,0,file:///F:/bigneuron/BigNeurongit/Data/gold166_wids/283/283.tif,1024
-1,0,0,0.15625,0,1.171875,284.tif,0,117,1,480,117,0.07895762066661274,0.08833213243851314,0.6732827226690463,0.019607842,1.0,0.09397479785124305,0.07450981,0.015686275,0.4984461890742558,0.0010222440300948642,-0.38609130497205957,255,0.0911098,0.08821350542795665,489120,45964.953,eLt4nHt2G00HVEoHFiYgrFeSmQYus2COAvoVZBlm6QZiIEo4sG+BDHBAAWlg8NkBABVYf0I=,4b23f734ad9e08aaf44075f207a57258,file:///F:/bigneuron/BigNeurongit/Data/gold166_wids/284/284.tif,0,0,0,0,0,0,0,F:\bigneuron\BigNeurongit\Data\gold166_wids\284,Done,255,0,file:///F:/bigneuron/BigNeurongit/Data/gold166_wids/284/284.tif,1019
-1,0,0,0.234375,0,1.1875,285.tif,0,118,1,503,118,0.054853050604775376,0.18246217125446942,4.382836028342863,0.015686274,1.0,0.07853067315654208,0.05490196,0.011764706,1.0502798532967226,0.00234350283368551,-0.18751970332513224,255,0.11970329,0.14095843681328457,512054,40211.945,eLt4nHt2G00HVEoHFqYgrFeSmQYus2COAvoVZBlm6QZiIEo4sG+BDHBAAWlg8NkBABX2f0Q=,4965897b99cca52f018c75bd49a56a4c,file:///F:/bigneuron/BigNeurongit/Data/gold166_wids/285/285.tif,0,0,0,0,0,0,0,F:\bigneuron\BigNeurongit\Data\gold166_wids\285,Done,255,0,file:///F:/bigneuron/BigNeurongit/Data/gold166_wids/285/285.tif,1018
-1,0,0,0.140625,0,1.40625,286.tif,0,119,1,494,119,0.043983397149864566,0.0952365749381971,1.648787887988279,0.011764709,1.0,0.06706051864539013,0.050980393,0.011764706,0.2781665985954867,0.0005947967183082395,-0.2827126406508194,255,0.07991629,0.06467616417176797,504374,33823.582,eLt4nHt2G00HVEoHFmYgrFeSmQYus2COAvoVZBlm6QZiIEo4sG+BDHBAAWlg8NkBABaUf0Y=,58c89cb3398aff1044f32eed13f1c33b,file:///F:/bigneuron/BigNeurongit/Data/gold166_wids/286/286.tif,0,0,0,0,0,0,0,F:\bigneuron\BigNeurongit\Data\gold166_wids\286,Done,255,0,file:///F:/bigneuron/BigNeurongit/Data/gold166_wids/286/286.tif,1021
-1,0,0,0.375,0,5.609375,287.tif,0,120,1,911,120,0.11524506339763402,0.1360305387555417,1.609311177151766,0.015686274,1.0,0.07169062785997815,0.05490196,0.003921569,0.564628461160658,5.367700933174807e-05,-0.3688867491504904,255,0.0987528,0.06859943256510717,1862995,133559.28,eLt4nHt2G00HVEoHFuYgrFeSmQYus2COAvoVZBlm6QZiIEo4sG+BDHBAAWlg8NkBABcyf0g=,19cd7c42c65fe00a3543e734253590f4,file:///F:/bigneuron/BigNeurongit/Data/gold166_wids/287/287.tif,0,0,0,0,0,0,0,F:\bigneuron\BigNeurongit\Data\gold166_wids\287,Done,255,0,file:///F:/bigneuron/BigNeurongit/Data/gold166_wids/287/287.tif,2045
-1,0,0,0.34375,0,4.515625,288.tif,0,121,1,2048,121,0.14789366538142748,0.09347691422306911,0.8705099171897573,0.011764705,0.99607843,0.05733252316713333,0.043137256,0.003921569,0.09434223175048828,0.0021457672119140625,-0.5855707229812992,255,0.07320702,0.05290486015197382,4194304,240470.03,eLt4nHt2G00HVEoHFhYgrFeSmQYus2COAvoVZBlm6QZiIEo4sG+BDHBAAWlg8NkBABfQf0o=,026eb855e5d6859e777c9a211393e36f,file:///F:/bigneuron/BigNeurongit/Data/gold166_wids/288/288.tif,0,0,0,0,0,0,0,F:\bigneuron\BigNeurongit\Data\gold166_wids\288,Done,255,0,file:///F:/bigneuron/BigNeurongit/Data/gold166_wids/288/288.tif,2048
-1,0,0,0.28125,0,1.046875,289.tif,0,122,1,543,122,0.07248389854843805,0.21254151217859363,7.132570166488425,0.011764705,1.0,0.06399375157161878,0.043137256,0.007843138,1.093394407117556,0.0005427172768617916,-0.3190061963988874,255,0.116624735,0.14715029881516703,552774,35374.082,eLt4nHt2G00HVEoHFqBUYKlXkpkGLrNgjgL6FWQZZukGYiBKOLBvgQxwQAFpYPDZAQAYbn9M,8664ffff3f8a40c6ce2851ca87d7e4f7,file:///F:/bigneuron/BigNeurongit/Data/gold166_wids/289/289.tif,0,0,0,0,0,0,0,F:\bigneuron\BigNeurongit\Data\gold166_wids\289,Done,255,0,file:///F:/bigneuron/BigNeurongit/Data/gold166_wids/289/289.tif,1018
-1,0,0,0.265625,0,0.359375,29.tif,0,123,1,511,123,0.2675122957611093,0.7983240091257515,0.18066021025909318,0.0,1.0,0.012168035469547643,0.0,0.0,0.6847400247394886,92.91286415110237,-0.5832223141796284,255,0.098559804,0.05433884780351431,261121,3177.3296,eLt4nHt2G00HVEoHwERgqVeSmQYusWBOAvoUZBVm2QZiIMo3sF+BDHAwAWlg4NkBACUzftw=,f96c52da3abea4c89247b0add8f9fd85,file:///F:/bigneuron/BigNeurongit/Data/gold166_wids/29/29.tif,0,0,0,0,0,0,0,F:\bigneuron\BigNeurongit\Data\gold166_wids\29,Done,255,0,file:///F:/bigneuron/BigNeurongit/Data/gold166_wids/29/29.tif,511
-1,0,0,0.359375,0,1.296875,290.tif,0,124,1,1024,124,0.096369616927508,0.1998955911184656,0.37129574946655874,0.0039215693,0.99607843,0.028518881648778915,0.011764706,0.0,0.16489028930664062,0.061321258544921875,-0.35724364633413475,255,0.07550363,0.03327561461640339,1048576,29904.215,eLt4nHt2G00HVEoHlgYgrFeSmQYus2COAvoVZBlm6QZiIEo4sG+BDHBAAWlg8NkBABOAfzw=,344c2816a7f7785c91a437685feeb5b6,file:///F:/bigneuron/BigNeurongit/Data/gold166_wids/290/290.tif,0,0,0,0,0,0,0,F:\bigneuron\BigNeurongit\Data\gold166_wids\290,Done,255,0,file:///F:/bigneuron/BigNeurongit/Data/gold166_wids/290/290.tif,1024
-1,0,0,0.359375,0,2.390625,291.tif,0,125,1,890,125,0.10322305305537709,0.06196093679924763,0.5898791265820654,0.015686274,1.0,0.06561209659380952,0.05490196,0.003921569,0.04440589956252779,0.000109779726977819,-0.41081487227776853,255,0.06376039,0.06075267955156402,1821830,119534.086,eLt4nHt2G00HVEoHloYgrFeSmQYus2COAvoVZBlm6QZiIEo4sG+BDHBAAWlg8NkBABQefz4=,bfd65bad34323466322f30323560bda5,file:///F:/bigneuron/BigNeurongit/Data/gold166_wids/291/291.tif,0,0,0,0,0,0,0,F:\bigneuron\BigNeurongit\Data\gold166_wids\291,Done,255,0,file:///F:/bigneuron/BigNeurongit/Data/gold166_wids/291/291.tif,2047
-1,0,0,0.359375,0,4.9375,292.tif,0,126,1,1025,126,0.2310631537109019,0.13381976577985363,1.3905487469742261,0.007843139,1.0,0.04660025336305435,0.03137255,0.0,0.12845701251911562,0.08895570358466602,-0.6666020381754022,255,0.07896857,0.056828929774763885,1929050,89894.22,eLt4nHt2G00HVEoHlkYgrFeSmQYus2COAvoVZBlm6QZiIEo4sG+BDHBAAWlg8NkBABS8f0A=,b3309242c257e8d543b53fc8d0b9cfe6,file:///F:/bigneuron/BigNeurongit/Data/gold166_wids/292/292.tif,0,0,0,0,0,0,0,F:\bigneuron\BigNeurongit\Data\gold166_wids\292,Done,255,0,file:///F:/bigneuron/BigNeurongit/Data/gold166_wids/292/292.tif,1882
-1,0,0,0.28125,0,0.734375,30.tif,0,127,1,511,127,0.04952775643784839,0.4485805666972002,0.7671184888338463,0.0,1.0,0.0047429146233929865,0.0,0.0,0.10569812462421636,94.36697929312464,-0.8893329650422656,255,0.04612569,0.011091870719092541,261121,1238.4746,eLt4nHt2G00H1EkHxgZApFeSmQYusWBOAvoUZBVm2QZiIMo3sF+BDHAwAWlg4NkBACBNfsw=,62e5c98d952755a8dd8a6ffcf130bf1c,file:///F:/bigneuron/BigNeurongit/Data/gold166_wids/30/30.tif,0,0,0,0,0,0,0,F:\bigneuron\BigNeurongit\Data\gold166_wids\30,Done,255,0,file:///F:/bigneuron/BigNeurongit/Data/gold166_wids/30/30.tif,511
-1,0,0,0.234375,0,0.390625,31.tif,0,128,1,511,128,0.14820010796920038,0.3058980902676818,0.33139605543715284,0.0,1.0,0.016744053986825075,0.0,0.0,0.2581178840460936,86.40591909497896,-0.913981145518415,255,0.07156797,0.012377033030278168,261121,4372.224,eLt4nHt2G00H1EkHxoZApFeSmQYusWBOAvoUZBVm2QZiIMo3sF+BDHAwAWlg4NkBACDqfs4=,218175a0c7ac7987adeb2014e9904bb4,file:///F:/bigneuron/BigNeurongit/Data/gold166_wids/31/31.tif,0,0,0,0,0,0,0,F:\bigneuron\BigNeurongit\Data\gold166_wids\31,Done,255,0,file:///F:/bigneuron/BigNeurongit/Data/gold166_wids/31/31.tif,511
-1,0,0,0.203125,0,0.390625,32.tif,0,129,1,511,129,0.16185706719944923,0.3155528083274401,0.2678235922017518,0.0,1.0,0.0073254449647804564,0.0,0.0,0.06816763109822649,92.01902566243236,-0.5323306247723201,255,0.048078734,0.011070354740822961,261121,1912.8275,eLt4nHt2G00H1EkHxkZApFeSmQYusWBOAvoUZBVm2QZiIMo3sF+BDHAwAWlg4NkBACGHftA=,e78d1a2af50ac5957c2e545487a49202,file:///F:/bigneuron/BigNeurongit/Data/gold166_wids/32/32.tif,0,0,0,0,0,0,0,F:\bigneuron\BigNeurongit\Data\gold166_wids\32,Done,255,0,file:///F:/bigneuron/BigNeurongit/Data/gold166_wids/32/32.tif,511
-1,0,0,0.1875,0,0.265625,34.tif,0,130,1,511,130,0.10130638506674966,0.623480477783452,2.0082309329640045,0.0,1.0,0.003608048870453018,0.0,0.0,0.14859011722534762,97.23001979925016,-1.1260203048474238,255,0.0474294,0.00875188397834492,261121,942.1373,eLt4nHt2G00H1EkHxiZApFeSmQYusWBOAvoUZBVm2QZiIMo3sF+BDHAwAWlg4NkBACLBftQ=,8cd1c1077e30ddb8ab9326065cd29393,file:///F:/bigneuron/BigNeurongit/Data/gold166_wids/34/34.tif,0,0,0,0,0,0,0,F:\bigneuron\BigNeurongit\Data\gold166_wids\34,Done,255,0,file:///F:/bigneuron/BigNeurongit/Data/gold166_wids/34/34.tif,511
-1,0,0,0.125,0,0.3125,37.tif,0,131,1,511,131,0.21682727461124462,0.6777991960826653,0.2060598312088669,0.0,1.0,0.0037113440254948854,0.0,0.0,0.1788442905779313,96.52000413601357,-0.8567597479739284,255,0.05015522,0.015188169830034579,261121,969.10986,eLt4nHt2G00H1EkHxuZApFeSmQYusWBOAvoUZBVm2QZiIMo3sF+BDHAwAWlg4NkBACSYfto=,5ecc83a4d8a006902f72aacd185f24de,file:///F:/bigneuron/BigNeurongit/Data/gold166_wids/37/37.tif,0,0,0,0,0,0,0,F:\bigneuron\BigNeurongit\Data\gold166_wids\37,Done,255,0,file:///F:/bigneuron/BigNeurongit/Data/gold166_wids/37/37.tif,511
-1,0,0,0.25,0,0.3125,38.tif,0,132,1,511,132,0.0032134686973447186,0.3522196642994416,0.6222454265973998,0.0,1.0,0.0033356786588222033,0.0,0.0,0.0562957402889848,95.02299700139017,-1.0182793727325827,255,0.03427669,0.007827922899921817,261121,871.01575,eLt4nHt2G00H1EkHxhZApFeSmQYusWBOAvoUZBVm2QZiIMo3sF+BDHAwAWlg4NkBACU1ftw=,b290a74cb0139082e2fa17955170e1f7,file:///F:/bigneuron/BigNeurongit/Data/gold166_wids/38/38.tif,0,0,0,0,0,0,0,F:\bigneuron\BigNeurongit\Data\gold166_wids\38,Done,255,0,file:///F:/bigneuron/BigNeurongit/Data/gold166_wids/38/38.tif,511
-1,0,0,0.203125,0,0.3125,39.tif,0,133,1,511,133,0.039471546548275886,0.19916824668466174,0.17253388804689931,0.0,1.0,0.00364790716187371,0.0,0.0,0.011105962369935777,94.2907694134137,-0.8456649569476671,255,0.026954541,0.00875188397834492,261121,952.54517,eLt4nHt2G00H1EkHxpZApFeSmQYusWBOAvoUZBVm2QZiIMo3sF+BDHAwAWlg4NkBACXSft4=,23cb28657b4a5f666a31318bc628b85c,file:///F:/bigneuron/BigNeurongit/Data/gold166_wids/39/39.tif,0,0,0,0,0,0,0,F:\bigneuron\BigNeurongit\Data\gold166_wids\39,Done,255,0,file:///F:/bigneuron/BigNeurongit/Data/gold166_wids/39/39.tif,511
-1,0,0,0.1875,0,0.3125,40.tif,0,134,1,511,134,0.12928298926377926,0.4376359192827167,0.6798346316275896,0.0,1.0,0.005176835710563781,0.0,0.0,0.06395502468204396,93.61560349416554,-1.0806734178380608,255,0.047597997,0.011091870719092541,261121,1351.7805,eLt4nHt2G00H1EkHJgZApFeSmQYusWBOAvoUZBVm2QZiIMo3sF+BDHAwAWlg4NkBACDsfs4=,994a5e93bb4e8300b6e0ef69c0532b90,file:///F:/bigneuron/BigNeurongit/Data/gold166_wids/40/40.tif,0,0,0,0,0,0,0,F:\bigneuron\BigNeurongit\Data\gold166_wids\40,Done,255,0,file:///F:/bigneuron/BigNeurongit/Data/gold166_wids/40/40.tif,511
-1,0,0,0.109375,0,0.21875,41.tif,0,135,1,511,135,0.0032440532645321724,0.6129763891131859,1.9107061588272929,0.0,1.0,0.0032626903627622585,0.0,0.0,0.15471754473979496,96.79037687508855,-0.9540098929541526,255,0.044720825,0.009587208511274628,261121,851.957,eLt4nHt2G00H1EkHJoZApFeSmQYusWBOAvoUZBVm2QZiIMo3sF+BDHAwAWlg4NkBACGJftA=,ba6ad44c42655a1f65cf79bc86411124,file:///F:/bigneuron/BigNeurongit/Data/gold166_wids/41/41.tif,0,0,0,0,0,0,0,F:\bigneuron\BigNeurongit\Data\gold166_wids\41,Done,255,0,file:///F:/bigneuron/BigNeurongit/Data/gold166_wids/41/41.tif,511
-1,0,0,0.140625,0,0.25,43.tif,0,136,1,511,136,0.08910894559470703,0.728066567118389,0.25718745459129355,0.0,1.0,0.007912552207298054,0.0,0.0,0.353858938959333,94.73194419445392,-0.6452025025574555,255,0.07590036,0.0443674830453796,261121,2066.1335,eLt4nHt2G00H1EkHJsZApFeSmQYusWBOAvoUZBVm2QZiIMo3sF+BDHAwAWlg4NkBACLDftQ=,40acceeef79a754fd501a8427b1d2482,file:///F:/bigneuron/BigNeurongit/Data/gold166_wids/43/43.tif,0,0,0,0,0,0,0,F:\bigneuron\BigNeurongit\Data\gold166_wids\43,Done,255,0,file:///F:/bigneuron/BigNeurongit/Data/gold166_wids/43/43.tif,511
-1,0,0,0.1875,0,0.296875,45.tif,0,137,1,511,137,0.1879489603562897,0.5070537647027364,0.09250942414870209,0.0,1.0,0.016884307152503053,0.0,0.0,0.317860302311955,84.46543939399741,-0.09837847061782799,255,0.092527024,0.017537787739216847,261121,4408.847,eLt4nHt2G00H1EkHJqZApFeSmQYusWBOAvoUZBVm2QZiIMo3sF+BDHAwAWlg4NkBACP9ftg=,53a0c49b5ee974b46bad68eff5102bbc,file:///F:/bigneuron/BigNeurongit/Data/gold166_wids/45/45.tif,0,0,0,0,0,0,0,F:\bigneuron\BigNeurongit\Data\gold166_wids\45,Done,255,0,file:///F:/bigneuron/BigNeurongit/Data/gold166_wids/45/45.tif,511
-1,0,0,0.234375,0,0.34375,47.tif,0,138,1,511,138,0.10648457309781845,0.4610327016696508,0.30038132738674217,0.0,1.0,0.015180372557166984,0.0,0.0,0.4013465021962998,89.63047782445686,-0.734364248796706,255,0.08365793,0.011070354740822961,261121,3963.914,eLt4nHt2G00H1EkHJuZApFeSmQYusWBOAvoUZBVm2QZiIMo3sF+BDHAwAWlg4NkBACU3ftw=,fc236e63720fee279f13c3380e2b2d37,file:///F:/bigneuron/BigNeurongit/Data/gold166_wids/47/47.tif,0,0,0,0,0,0,0,F:\bigneuron\BigNeurongit\Data\gold166_wids\47,Done,255,0,file:///F:/bigneuron/BigNeurongit/Data/gold166_wids/47/47.tif,511
-1,0,0,0.234375,0,0.296875,5.tif,0,139,1,511,139,0.10775410491138816,0.48933782055488295,0.1780189503608762,0.0,1.0,0.00531800655051322,0.0,0.0,0.045189777919049025,93.46586448428123,-0.5426059973233482,255,0.051012762,0.03999231171831279,261121,1388.6432,eLt4nHt2G00H1EkHpvqmeiWZaeDyCuYgoD9BFmGWbCAGonQD+xTIAAcSkAYGnR0ANBB+cA==,b4c9b7a0e3232ac33fbf13f7dbacd7a1,file:///F:/bigneuron/BigNeurongit/Data/gold166_wids/5/5.tif,0,0,0,0,0,0,0,F:\bigneuron\BigNeurongit\Data\gold166_wids\5,Done,255,0,file:///F:/bigneuron/BigNeurongit/Data/gold166_wids/5/5.tif,511
-1,0,0,0.15625,0,0.28125,52.tif,0,140,1,511,140,0.04762427789096376,0.4894445832027367,0.34790242526637843,0.0,1.0,0.003743527839239878,0.0,0.0,0.0562957402889848,95.9198992038174,-0.19126525473380107,255,0.04280478,0.01839378724679446,261121,977.51373,eLt4nHt2G00H1EkHpkZApFeSmQYusWBOAvoUZBVm2QZiIMo3sF+BDHAwAWlg4NkBACLFftQ=,9c70da9683d4e553d557fc12cf4a6d2d,file:///F:/bigneuron/BigNeurongit/Data/gold166_wids/52/52.tif,0,0,0,0,0,0,0,F:\bigneuron\BigNeurongit\Data\gold166_wids\52,Done,255,0,file:///F:/bigneuron/BigNeurongit/Data/gold166_wids/52/52.tif,511
-1,0,0,0.171875,0,0.328125,53.tif,0,141,1,511,141,0.21137139689472204,0.6288975241118399,0.8491010348015652,0.0,1.0,0.0057724423091330265,0.0,0.0,0.1551005089594479,96.15082662826812,-0.8323605676508236,255,0.060251758,0.024802177298440833,261121,1507.3059,eLt4nHt2G00H1EkHpsZApFeSmQYusWBOAvoUZBVm2QZiIMo3sF+BDHAwAWlg4NkBACNiftY=,2091118ec79c8d65a28d29e2397272d2,file:///F:/bigneuron/BigNeurongit/Data/gold166_wids/53/53.tif,0,0,0,0,0,0,0,F:\bigneuron\BigNeurongit\Data\gold166_wids\53,Done,255,0,file:///F:/bigneuron/BigNeurongit/Data/gold166_wids/53/53.tif,511
-1,0,0,0.171875,0,0.28125,54.tif,0,142,1,511,142,0.06813607467745404,0.5500983119386103,0.12399294277090621,0.0,1.0,0.009758169539337128,0.0,0.0,0.2052688217339854,91.50010914480261,-0.1448047223450047,255,0.07326631,0.027729677578768992,261121,2548.063,eLt4nHt2G00H1EkHpiZApFeSmQYusWBOAvoUZBVm2QZiIMo3sF+BDHAwAWlg4NkBACP/ftg=,40670f9e683ba7e5e2053ef681c2d1f2,file:///F:/bigneuron/BigNeurongit/Data/gold166_wids/54/54.tif,0,0,0,0,0,0,0,F:\bigneuron\BigNeurongit\Data\gold166_wids\54,Done,255,0,file:///F:/bigneuron/BigNeurongit/Data/gold166_wids/54/54.tif,511
-1,0,0,0.15625,0,0.28125,55.tif,0,143,1,511,143,0.14457063838664447,0.517950829952142,0.2895742022416512,0.0,1.0,0.00817923124899472,0.0,0.0,0.11182555213866369,92.03702498075604,-0.8293674931759842,255,0.06508794,0.026306682080489165,261121,2135.769,eLt4nHt2G00H1EkHpqZApFeSmQYusWBOAvoUZBVm2QZiIMo3sF+BDHAwAWlg4NkBACScfto=,18379ed53ace249174d25f4e806b7747,file:///F:/bigneuron/BigNeurongit/Data/gold166_wids/55/55.tif,0,0,0,0,0,0,0,F:\bigneuron\BigNeurongit\Data\gold166_wids\55,Done,255,0,file:///F:/bigneuron/BigNeurongit/Data/gold166_wids/55/55.tif,511
-1,0,0,0.171875,0,0.234375,58.tif,0,144,1,511,144,0.06895622684859501,0.5563539777211829,0.6373405983833909,0.0,1.0,0.004436918638623234,0.0,0.0,0.17731243369931948,96.03249068439536,-0.7688243485602542,255,0.049683973,0.01358471189913022,261121,1158.5726,eLt4nHt2G00H1EkHphZApFeSmQYusWBOAvoUZBVm2QZiIMo3sF+BDHAwAWlg4NkBACZzfuA=,d69a4b57c114d92f91c96cd84f40629c,file:///F:/bigneuron/BigNeurongit/Data/gold166_wids/58/58.tif,0,0,0,0,0,0,0,F:\bigneuron\BigNeurongit\Data\gold166_wids\58,Done,255,0,file:///F:/bigneuron/BigNeurongit/Data/gold166_wids/58/58.tif,511
-1,0,0,0.109375,0,0.25,6.tif,0,145,1,511,145,0.17436773656144794,0.7559869615236785,0.33680994572079404,0.0,1.0,0.003408576730157547,0.0,0.0,0.1708020419652192,97.25031690289177,-0.5352682163630599,255,0.050762583,0.055181362834855356,261121,890.05096,eLt4nHt2G00H1EkHZvpmeiWZaeDyCuYgoD9BFmGWbCAGonQD+xTIAAcSkAYGnR0ANKx+cg==,63073f06a5c17909d957489a95d9cb9c,file:///F:/bigneuron/BigNeurongit/Data/gold166_wids/6/6.tif,0,0,0,0,0,0,0,F:\bigneuron\BigNeurongit\Data\gold166_wids\6,Done,255,0,file:///F:/bigneuron/BigNeurongit/Data/gold166_wids/6/6.tif,511
-1,0,0,0.1875,0,0.25,65.tif,0,146,1,511,146,0.05102648528210148,0.1883666314280525,0.2528048393954413,0.0,1.0,0.004553985452535654,0.0,0.0,0.009574105491323946,92.87456772913707,-0.6986349488924756,255,0.029288545,0.01240108862560063,261121,1189.1412,eLt4nHt2G00H1EkHZqZApFeSmQYusWBOAvoUZBVm2QZiIMo3sF+BDHAwAWlg4NkBACU7ftw=,d53e770a0338614e52c83b8b98c8be9b,file:///F:/bigneuron/BigNeurongit/Data/gold166_wids/65/65.tif,0,0,0,0,0,0,0,F:\bigneuron\BigNeurongit\Data\gold166_wids\65,Done,255,0,file:///F:/bigneuron/BigNeurongit/Data/gold166_wids/65/65.tif,511
-1,0,0,0.1875,0,0.34375,67.tif,0,147,1,511,147,0.17782960619054794,0.4201761086191588,0.5594516396698954,0.0,1.0,0.008118196326487529,0.0,0.0,0.1608449722542423,91.99528188081388,-0.6758830665146532,255,0.058404382,0.00875188397834492,261121,2119.8315,eLt4nHt2G00H1EkHZuZApFeSmQYusWBOAvoUZBVm2QZiIMo3sF+BDHAwAWlg4NkBACZ1fuA=,6697fdd16b5b74a2219728d7e0d0310c,file:///F:/bigneuron/BigNeurongit/Data/gold166_wids/67/67.tif,0,0,0,0,0,0,0,F:\bigneuron\BigNeurongit\Data\gold166_wids\67,Done,255,0,file:///F:/bigneuron/BigNeurongit/Data/gold166_wids/67/67.tif,511
-1,0,0,0.296875,0,0.359375,69.tif,0,148,1,511,148,0.18073286243333567,0.7796775218027518,0.5710861182775143,0.0,1.0,0.00541572974445396,0.0,0.0,0.28492537942180063,95.91913327537809,-0.9567790627987247,255,0.06498094,0.12023301897275451,261121,1414.1608,eLt4nHt2G00H1EkHZpZApFeSmQYusWBOAvoUZBVm2QZiIMo3sF+BDHAwAWlg4NkBACevfuQ=,738cb0359fe5cd4c027caba2fbcb2008,file:///F:/bigneuron/BigNeurongit/Data/gold166_wids/69/69.tif,0,0,0,0,0,0,0,F:\bigneuron\BigNeurongit\Data\gold166_wids\69,Done,255,0,file:///F:/bigneuron/BigNeurongit/Data/gold166_wids/69/69.tif,511
-1,0,0,0.171875,0,0.21875,7.tif,0,149,1,511,149,0.1268164446482034,0.431999347329837,0.1420353049892511,0.0,1.0,0.0043225847456435425,0.0,0.0,0.10340033930629862,95.88466649560931,-0.7622632410605501,255,0.04321289,0.010355368961363886,261121,1128.7177,eLt4nHt2G00H1EkH5vrmeiWZaeDyCuYgoD9BFmGWbCAGonQD+xTIAAcSkAYGnR0ANUh+dA==,400da396421ff7e1ea37e402f449738e,file:///F:/bigneuron/BigNeurongit/Data/gold166_wids/7/7.tif,0,0,0,0,0,0,0,F:\bigneuron\BigNeurongit\Data\gold166_wids\7,Done,255,0,file:///F:/bigneuron/BigNeurongit/Data/gold166_wids/7/7.tif,511
-1,0,0,0.15625,0,0.265625,74.tif,0,150,1,511,150,0.01881345030741831,0.4532810439263572,3.5328528691140924,0.0,1.0,0.0038365357394775793,0.0,0.0,0.06127427514447325,90.65414118358922,-0.36691307250838046,255,0.041701667,0.02218374148043744,261121,1001.80005,eLt4nHt2G00H1EkH5iZApFeSmQYusWBOAvoUZBVm2QZiIMo3sF+BDHAwAWlg4NkBACU9ftw=,e16e46e30391710bbd1ba25e74ccf71d,file:///F:/bigneuron/BigNeurongit/Data/gold166_wids/74/74.tif,0,0,0,0,0,0,0,F:\bigneuron\BigNeurongit\Data\gold166_wids\74,Done,255,0,file:///F:/bigneuron/BigNeurongit/Data/gold166_wids/74/74.tif,511
-1,0,0,0.125,0,0.25,76.tif,0,151,1,511,151,0.06895622684859501,0.5563539777211829,0.6373405983833909,0.0,1.0,0.004436918638623234,0.0,0.0,0.17731243369931948,96.03249068439536,-0.7688243485602542,255,0.049683973,0.01358471189913022,261121,1158.5726,eLt4nHt2G00H1EkH5mZApFeSmQYusWBOAvoUZBVm2QZiIMo3sF+BDHAwAWlg4NkBACZ3fuA=,d69a4b57c114d92f91c96cd84f40629c,file:///F:/bigneuron/BigNeurongit/Data/gold166_wids/76/76.tif,0,0,0,0,0,0,0,F:\bigneuron\BigNeurongit\Data\gold166_wids\76,Done,255,0,file:///F:/bigneuron/BigNeurongit/Data/gold166_wids/76/76.tif,511
-1,0,0,0.25,0,0.28125,77.tif,0,152,1,511,152,0.1376465065998357,0.47950281631150055,0.09860644457206798,0.0,1.0,0.011763851142645556,0.0,0.0,0.1960776804623144,88.85880492185615,-0.37091709222251723,255,0.07510526,0.01358471189913022,261121,3071.7886,eLt4nHt2G00H1EkH5uZApFeSmQYusWBOAvoUZBVm2QZiIMo3sF+BDHAwAWlg4NkBACcUfuI=,1a2c4e60606f5866aa424f85ba67c631,file:///F:/bigneuron/BigNeurongit/Data/gold166_wids/77/77.tif,0,0,0,0,0,0,0,F:\bigneuron\BigNeurongit\Data\gold166_wids\77,Done,255,0,file:///F:/bigneuron/BigNeurongit/Data/gold166_wids/77/77.tif,511
-1,0,0,0.296875,0,0.625,78.tif,0,153,1,511,153,0.10545857478049005,0.39112957345963095,0.23568066683801409,0.0,1.0,0.01556311051378001,0.0,0.0,0.18382282543341977,79.66345104376899,-0.5705261499791444,255,0.07802046,0.01358471189913022,261121,4063.855,eLt4nHt2G00H1EkH5hZApFeSmQYusWBOAvoUZBVm2QZiIMo3sF+BDHAwAWlg4NkBACexfuQ=,7b59267c39c0483f2c18ad386bb1f65d,file:///F:/bigneuron/BigNeurongit/Data/gold166_wids/78/78.tif,0,0,0,0,0,0,0,F:\bigneuron\BigNeurongit\Data\gold166_wids\78,Done,255,0,file:///F:/bigneuron/BigNeurongit/Data/gold166_wids/78/78.tif,511
-1,0,0,0.09375,0,0.203125,8.tif,0,154,1,511,154,0.05644309768102093,0.264199996922156,0.18001351657119732,0.0,1.0,0.0038143841671312104,0.0,0.0,0.031020101791889583,92.96571321341447,-0.9762549826553752,255,0.03174524,0.01358471189913022,261121,996.0158,eLt4nHt2G00H1EkHFvoWeiWZaeDyCuYgoD9BFmGWbCAGonQD+xTIAAcSkAYGnR0ANeR+dg==,622b9f87e101804582cbdea703169659,file:///F:/bigneuron/BigNeurongit/Data/gold166_wids/8/8.tif,0,0,0,0,0,0,0,F:\bigneuron\BigNeurongit\Data\gold166_wids\8,Done,255,0,file:///F:/bigneuron/BigNeurongit/Data/gold166_wids/8/8.tif,511
-1,0,0,0.125,0,0.28125,84.tif,0,155,1,511,155,0.04952775643784839,0.4485805666972002,0.7671184888338463,0.0,1.0,0.0047429146233929865,0.0,0.0,0.10569812462421636,94.36697929312464,-0.8893329650422656,255,0.04612569,0.011091870719092541,261121,1238.4746,eLt4nHt2G00H1EkHFiZApFeSmQYusWBOAvoUZBVm2QZiIMo3sF+BDHAwAWlg4NkBACXcft4=,62e5c98d952755a8dd8a6ffcf130bf1c,file:///F:/bigneuron/BigNeurongit/Data/gold166_wids/84/84.tif,0,0,0,0,0,0,0,F:\bigneuron\BigNeurongit\Data\gold166_wids\84,Done,255,0,file:///F:/bigneuron/BigNeurongit/Data/gold166_wids/84/84.tif,511
-1,0,0,0.109375,0,0.265625,85.tif,0,156,1,511,156,0.04952775643784839,0.4485805666972002,0.7671184888338463,0.0,1.0,0.0047429146233929865,0.0,0.0,0.10569812462421636,94.36697929312464,-0.8893329650422656,255,0.04612569,0.011091870719092541,261121,1238.4746,eLt4nHt2G00H1EkHFqZApFeSmQYusWBOAvoUZBVm2QZiIMo3sF+BDHAwAWlg4NkBACZ5fuA=,62e5c98d952755a8dd8a6ffcf130bf1c,file:///F:/bigneuron/BigNeurongit/Data/gold166_wids/85/85.tif,0,0,0,0,0,0,0,F:\bigneuron\BigNeurongit\Data\gold166_wids\85,Done,255,0,file:///F:/bigneuron/BigNeurongit/Data/gold166_wids/85/85.tif,511
-1,0,0,0.1875,0,0.3125,86.tif,0,157,1,511,157,0.04685371993846014,0.5303561826418715,1.3809987690849932,0.0,1.0,0.011061358631989576,0.0,0.0,0.39828278843907616,87.1105732591404,-0.784417425391012,255,0.07659282,0.007827922899921817,261121,2888.353,eLt4nHt2G00H1EkHFmZApFeSmQYusWBOAvoUZBVm2QZiIMo3sF+BDHAwAWlg4NkBACcWfuI=,0eedb6a01ae1285a6d05f8a3e89688fb,file:///F:/bigneuron/BigNeurongit/Data/gold166_wids/86/86.tif,0,0,0,0,0,0,0,F:\bigneuron\BigNeurongit\Data\gold166_wids\86,Done,255,0,file:///F:/bigneuron/BigNeurongit/Data/gold166_wids/86/86.tif,511
-1,0,0,0.28125,0,0.34375,9.tif,0,158,1,511,158,0.10648457309781845,0.4610327016696508,0.30038132738674217,0.0,1.0,0.015180372557166984,0.0,0.0,0.4013465021962998,89.63047782445686,-0.734364248796706,255,0.08365793,0.011070354740822961,261121,3963.914,eLt4nHt2G00H1EkHlvqWeiWZaeDyCuYgoD9BFmGWbCAGonQD+xTIAAcSkAYGnR0ANoB+eA==,fc236e63720fee279f13c3380e2b2d37,file:///F:/bigneuron/BigNeurongit/Data/gold166_wids/9/9.tif,0,0,0,0,0,0,0,F:\bigneuron\BigNeurongit\Data\gold166_wids\9,Done,255,0,file:///F:/bigneuron/BigNeurongit/Data/gold166_wids/9/9.tif,511
-1,0,0,0.140625,0,0.265625,90.tif,0,159,1,511,159,0.30255477771533507,0.6886019831491722,0.11119345296114756,0.0,1.0,0.035581822728974304,0.0,0.0,1.4927945282072297,84.55198930763899,-0.7091352345458405,255,0.15653023,0.021479315781716104,261121,9291.161,eLt4nHt2G00H1EkHlgZApFeSmQYusWBOAvoUZBVm2QZiIMo3sF+BDHAwAWlg4NkBACQHftg=,8c3da8a03c686ce4b451c7cfe8a5f30a,file:///F:/bigneuron/BigNeurongit/Data/gold166_wids/90/90.tif,0,0,0,0,0,0,0,F:\bigneuron\BigNeurongit\Data\gold166_wids\90,Done,255,0,file:///F:/bigneuron/BigNeurongit/Data/gold166_wids/90/90.tif,511
-1,0,0,0.109375,0,0.28125,91.tif,0,160,1,511,160,0.11709039121801137,0.4773890062099779,0.46849487674964096,0.0,1.0,0.004925580889403284,0.0,0.0,0.14322861815020624,96.20061197682301,-0.8583332600078799,255,0.048491422,0.012377033030278168,261121,1286.1726,eLt4nHt2G00H1EkHloZApFeSmQYusWBOAvoUZBVm2QZiIMo3sF+BDHAwAWlg4NkBACSkfto=,dfbc123d95090372fe49eedad884d682,file:///F:/bigneuron/BigNeurongit/Data/gold166_wids/91/91.tif,0,0,0,0,0,0,0,F:\bigneuron\BigNeurongit\Data\gold166_wids\91,Done,255,0,file:///F:/bigneuron/BigNeurongit/Data/gold166_wids/91/91.tif,511
-1,0,0,0.125,0,0.296875,92.tif,0,161,1,511,161,0.04997346861167335,0.5563009056238675,1.5534940342879033,0.0,1.0,0.00565756753529135,0.0,0.0,0.1508879025432654,91.83405394433998,-0.47011363634341946,255,0.056100894,0.01358471189913022,261121,1477.3097,eLt4nHt2G00H1EkHlkZApFeSmQYusWBOAvoUZBVm2QZiIMo3sF+BDHAwAWlg4NkBACVBftw=,1cd86fdb26d58add91e7d0b14fb065f1,file:///F:/bigneuron/BigNeurongit/Data/gold166_wids/92/92.tif,0,0,0,0,0,0,0,F:\bigneuron\BigNeurongit\Data\gold166_wids\92,Done,255,0,file:///F:/bigneuron/BigNeurongit/Data/gold166_wids/92/92.tif,511
-1,0,0,0.1875,0,0.25,99.tif,0,162,1,511,162,0.23938483051048054,0.4174699421532322,0.13278949122180528,0.0,1.0,0.028416440633006346,0.0,0.0,0.6188701789591798,83.4846680274662,-0.7326555984234315,255,0.108917445,0.014644703242484748,261121,7420.1294,eLt4nHt2G00H1EkHlpZApFeSmQYusWBOAvoUZBVm2QZiIMo3sF+BDHAwAWlg4NkBACmMfuo=,9f3062e1a418f19f7a1f55b072b75490,file:///F:/bigneuron/BigNeurongit/Data/gold166_wids/99/99.tif,0,0,0,0,0,0,0,F:\bigneuron\BigNeurongit\Data\gold166_wids\99,Done,255,0,file:///F:/bigneuron/BigNeurongit/Data/gold166_wids/99/99.tif,511
