swc_file,num_nodes,soma_surface,num_stems,num_bifurcations,num_branches,num_of_tips,overall_x_span,overall_y_span,overall_z_span,average_diameter,total_length,total_surface,total_volume,max_euclidean_distance,max_path_distance,max_branch_order,average_contraction,average_fragmentation,parent_daughter_ratio,bifurcation_angle_local,bifurcation_angle_remote,moment1,moment2,moment3,moment4,moment5,moment6,moment7,moment8,moment9,moment10,moment11,moment12,moment13,ave_R
/home/linusmg/Data/bigneuron/Both_GS_and_auto/0401_gold163_all_soma_sort_pixelsize/100/consensus.swc, 77.00000000, 10.70565504, 2.00000000, 17.00000000, 36.00000000, 20.00000000, 26.05599976, 21.14399719, 32.31500053, 1.44491239, 112.03146227, 531.37056686, 229.27650077, 31.30618192, 36.70740796, 11.00000000, 0.98088892, 1.11111111, 0.73057117, 108.32490979, 104.48447772, 1149.00000000, 146700.10731480, 1718486376.76148844, 3610118652887.51562500, -0.07475607, -0.50050963, 0.00346707, 0.00100302, -0.00179944, -0.00244112, 0.01967800, -0.01179666, 0.03370608, 0.73444321
/home/linusmg/Data/bigneuron/Both_GS_and_auto/0401_gold163_all_soma_sort_pixelsize/101/consensus.swc, 376.00000000, 12.56637061, 3.00000000, 28.00000000, 57.00000000, 30.00000000, 139.93100739, 161.98900604, 23.10533953, 1.56251263, 692.82109068, 3396.73576817, 1425.72561488, 137.06420998, 175.01484235, 15.00000000, 0.97189072, 5.57894737, 0.86336744, 78.15464958, 79.76258058, 6997.00000000, 20661817.80748644, 78614659859927.28125000, 9016053878718877696.00000000, -0.06020052, -0.07565618, 0.00290231, 0.00013868, -0.00028710, -0.00005399, 0.01893389, -0.00372173, 0.00467741, 0.78391589
/home/linusmg/Data/bigneuron/Both_GS_and_auto/0401_gold163_all_soma_sort_pixelsize/102/consensus.swc, 261.00000000, 7.06858347, 3.00000000, 11.00000000, 24.00000000, 14.00000000, 101.15899658, 136.51900482, 27.18911076, 1.39217262, 492.76177920, 2164.34936811, 771.12099210, 99.90726169, 125.38555039, 7.00000000, 0.92544978, 9.83333333, 0.92040389, 89.04945097, 106.17103313, 4981.00000000, 7041661.63236197, 9571710107155.80664062, 903388601943640704.00000000, -0.05976660, -0.29196608, 0.00185037, 0.00050045, -0.00081085, -0.00045477, 0.01570851, -0.00697581, 0.01608709, 0.69895987
/home/linusmg/Data/bigneuron/Both_GS_and_auto/0401_gold163_all_soma_sort_pixelsize/103/consensus.swc, 216.00000000, 12.56637061, 3.00000000, 17.00000000, 37.00000000, 21.00000000, 129.62300110, 100.09600830, 14.43400002, 1.83625762, 386.44241957, 2267.11461426, 1084.99589182, 110.57423800, 128.54746001, 8.00000000, 0.96792098, 4.81081081, 0.82851555, 84.70233333, 85.71636900, 3908.00000000, 7503102.63236141, 11858317707938.55664062, 173409336463969152.00000000, -0.03731173, -0.16953496, 0.00085441, 0.00021234, -0.00037033, -0.00024403, 0.00690104, -0.00205790, 0.00253007, 0.92275844
/home/linusmg/Data/bigneuron/Both_GS_and_auto/0401_gold163_all_soma_sort_pixelsize/104/consensus.swc, 344.00000000, 7.06858347, 3.00000000, 16.00000000, 33.00000000, 18.00000000, 141.79900360, 114.91600037, 35.09969985, 1.33430921, 650.62936080, 2730.90022366, 939.52425295, 130.38316429, 171.08032941, 7.00000000, 0.93959467, 9.39393939, 0.91652627, 91.05228264, 98.03388773, 6574.00000000, 14600751.19443800, 48419453521057.56250000, 15730538481291560960.00000000, -0.02031456, -0.28051305, 0.00032132, 0.00019123, -0.00013766, -0.00060621, 0.00238774, -0.00417705, 0.01464876, 0.66933484
/home/linusmg/Data/bigneuron/Both_GS_and_auto/0401_gold163_all_soma_sort_pixelsize/105/consensus.swc, 440.00000000, 11.05644634, 3.00000000, 37.00000000, 77.00000000, 41.00000000, 306.15199757, 153.38130188, 13.75900078, 1.54441559, 792.37841643, 3883.43012334, 1686.83126434, 205.81310735, 300.60525369, 12.00000000, 0.97794539, 4.70129870, 0.77509628, 101.43177127, 99.65577288, 8009.00000000, 59929527.77979250, 162252937333845.31250000, 4795340451854816256.00000000, -0.13403696, -1.05963681, 0.01068506, 0.00498773, -0.00729927, -0.00891016, 0.05349731, -0.03635987, 0.10490093, 0.77433961
/home/linusmg/Data/bigneuron/Both_GS_and_auto/0401_gold163_all_soma_sort_pixelsize/106/consensus.swc, 405.00000000, 12.56637061, 3.00000000, 23.00000000, 48.00000000, 26.00000000, 252.59600449, 168.07199097, 11.26400006, 1.45798035, 754.97819903, 3452.20603101, 1459.11240024, 152.01105017, 184.83695315, 8.00000000, 0.96919846, 7.41666667, 0.84824339, 98.05578891, 88.79882158, 7624.00000000, 37828462.96559218, 199363880870519.09375000, 1431637466559174400.00000000, -0.19448864, -0.53847835, 0.02722339, 0.00348437, -0.00667459, -0.00316808, 0.06412710, -0.02152953, 0.03126105, 0.73145931
/home/linusmg/Data/bigneuron/Both_GS_and_auto/0401_gold163_all_soma_sort_pixelsize/107/consensus.swc, 381.00000000, 10.38335281, 3.00000000, 28.00000000, 58.00000000, 31.00000000, 148.86599731, 126.83899689, 20.52000022, 1.31466677, 700.90612004, 2882.78488920, 1105.67084128, 98.76344351, 142.90852270, 10.00000000, 0.96500507, 5.55172414, 0.81521330, 101.98758088, 99.47748293, 7083.00000000, 12962402.09313112, 28587964185202.11718750, 970284929569522944.00000000, -0.00905618, -0.03476669, 0.00004500, 0.00000954, -0.00001659, -0.00000735, 0.00235503, -0.00101666, 0.00064867, 0.65971921
/home/linusmg/Data/bigneuron/Both_GS_and_auto/0401_gold163_all_soma_sort_pixelsize/108/consensus.swc, 707.00000000, 12.56637061, 3.00000000, 27.00000000, 58.00000000, 32.00000000, 303.97500831, 167.49699402, 19.92269945, 1.20656053, 1350.65303688, 5083.50513305, 1723.03825856, 173.92128473, 241.46431516, 14.00000000, 0.94525160, 11.17241379, 0.77213910, 100.49177161, 92.63714444, 13623.00000000, 82705021.88960207, 1115354637401762.87500000, 279769396754823577600.00000000, -0.09637471, -0.22014456, 0.00688561, 0.00069421, -0.00138972, -0.00051279, 0.03256706, -0.01007672, 0.01534059, 0.60469469
/home/linusmg/Data/bigneuron/Both_GS_and_auto/0401_gold163_all_soma_sort_pixelsize/109/consensus.swc, 204.00000000, 12.56637061, 4.00000000, 14.00000000, 31.00000000, 18.00000000, 137.59400558, 155.06399536, 7.60299969, 1.61841548, 373.84775197, 1921.66923217, 833.28436327, 130.15085148, 139.21535359, 12.00000000, 0.98385195, 5.54838710, 0.76277413, 99.63558054, 94.79172547, 3773.00000000, 9928954.26192545, 3176926945072.35156250, 26894698455995224.00000000, -0.03123071, -0.11658074, 0.00063861, 0.00012308, -0.00022405, -0.00013599, 0.01175687, -0.00547037, 0.00874863, 0.81410970
/home/linusmg/Data/bigneuron/Both_GS_and_auto/0401_gold163_all_soma_sort_pixelsize/110/consensus.swc, 622.00000000, 9.22935819, 3.00000000, 119.00000000, 246.00000000, 128.00000000, 78.82999802, 63.59069824, 58.90900087, 1.30506699, 964.55060442, 4000.62404012, 1533.77062725, 66.57893723, 118.05928467, 25.00000000, 0.97593377, 1.52439024, 0.75977690, 108.43995868, 101.84554352, 9863.00000000, 6690878.48949909, 13603227532145.31445312, 7674429978272669696.00000000, -0.04011438, -0.07497850, 0.00094447, 0.00009182, -0.00025527, -0.00003578, 0.00554108, -0.00147441, 0.00211849, 0.65391131
/home/linusmg/Data/bigneuron/Both_GS_and_auto/0401_gold163_all_soma_sort_pixelsize/111/consensus.swc, 649.00000000, 12.56637061, 2.00000000, 154.00000000, 314.00000000, 161.00000000, 96.03100395, 41.18099976, 37.28500128, 1.48111027, 933.69955188, 4416.41191046, 1828.28721287, 58.22696869, 147.40596877, 41.00000000, 0.97883282, 1.06369427, 0.81450639, 107.23669857, 103.62853777, 9594.00000000, 4587713.69158251, 3912538751177.25878906, 409273154268494464.00000000, -0.00218888, -0.00252765, 0.00000200, 0.00000013, -0.00000031, 0.00000001, 0.00040928, -0.00013480, -0.00010135, 0.74209597
/home/linusmg/Data/bigneuron/Both_GS_and_auto/0401_gold163_all_soma_sort_pixelsize/112/consensus.swc, 504.00000000, 3.14159265, 2.00000000, 73.00000000, 149.00000000, 77.00000000, 123.27400398, 32.93359947, 70.27600288, 1.02787466, 836.45712022, 2729.91040666, 801.60327306, 82.40122520, 118.57751605, 16.00000000, 0.96317273, 2.37583893, 0.84003445, 112.86751571, 106.71414931, 8527.00000000, 8039304.76062912, 9162217663138.73437500, 2384907289015864320.00000000, -0.02169052, -0.03326481, 0.00030023, 0.00001991, -0.00006166, 0.00000257, 0.00615124, -0.00176865, -0.00037568, 0.51492939
/home/linusmg/Data/bigneuron/Both_GS_and_auto/0401_gold163_all_soma_sort_pixelsize/113/consensus.swc, 1249.00000000, 1.14761424, 1.00000000, 257.00000000, 536.00000000, 279.00000000, 111.11099768, 65.62499809, 102.41199875, 1.20370160, 1866.23072888, 7141.08929641, 2460.12887395, 84.01285999, 210.42551747, 55.00000000, 0.97263340, 1.32835821, 0.80003132, 104.55388326, 98.16141406, 19106.00000000, 24388724.53822424, 125783174428698.53125000, 173861631943478575104.00000000, -0.01321666, -0.01671332, 0.00005688, 0.00000454, -0.00001343, -0.00000134, 0.00073468, -0.00026839, 0.00091846, 0.60209276
/home/linusmg/Data/bigneuron/Both_GS_and_auto/0401_gold163_all_soma_sort_pixelsize/114/consensus.swc, 503.00000000, 7.06858347, 2.00000000, 138.00000000, 287.00000000, 150.00000000, 60.53500366, 67.05800056, 28.25700045, 1.16993427, 687.83025570, 2601.82759734, 926.14774638, 62.42128442, 96.71714598, 35.00000000, 0.98287721, 0.74912892, 0.74758967, 103.64054856, 101.65310148, 7075.00000000, 3956859.80569304, 2365445569578.85253906, 241239836675260800.00000000, -0.00359582, -0.01375550, 0.00000829, 0.00000162, -0.00000213, -0.00000199, 0.00088712, -0.00052088, 0.00100590, 0.58645819
/home/linusmg/Data/bigneuron/Both_GS_and_auto/0401_gold163_all_soma_sort_pixelsize/115/consensus.swc, 472.00000000, 6.64169126, 3.00000000, 83.00000000, 170.00000000, 88.00000000, 97.05800343, 52.32600021, 55.59100103, 1.26313489, 746.81055364, 2968.10791592, 1084.56987927, 77.66238658, 108.43897423, 26.00000000, 0.97180531, 1.77058824, 0.78360801, 106.33580102, 100.51407301, 7606.00000000, 5119842.33854951, 6229496261516.42089844, 2086231664362235136.00000000, -0.01948213, -0.01837714, 0.00019737, 0.00000879, -0.00002956, -0.00000315, 0.00184006, 0.00000613, -0.00028708, 0.63310770
/home/linusmg/Data/bigneuron/Both_GS_and_auto/0401_gold163_all_soma_sort_pixelsize/116/consensus.swc, 23.00000000, 3.14159265, 2.00000000, 2.00000000, 5.00000000, 4.00000000, 17.07499939, 4.49599999, 10.17199993, 0.95652174, 37.95427641, 119.23687595, 29.80921899, 16.73872292, 20.70437209, 2.00000000, 0.98849059, 3.40000000, 1.00000000, 151.34055773, 152.86025094, 385.00000000, 13678.85148463, 36695034.24504475, 5230783361.22144699, -0.01445824, -0.02348908, 0.00021257, 0.00000843, -0.00002477, 0.00000158, 0.00359800, 0.00039836, 0.00137426, 0.50000000
/home/linusmg/Data/bigneuron/Both_GS_and_auto/0401_gold163_all_soma_sort_pixelsize/117/consensus.swc, 1938.00000000, 3.14159265, 3.00000000, 211.00000000, 441.00000000, 231.00000000, 217.67701721, 275.07000732, 103.48500061, 1.43029414, 3337.36390948, 15392.33671851, 6143.53950571, 197.93630604, 447.93034227, 48.00000000, 0.98309284, 3.39229025, 0.82309855, 92.34051606, 87.48374621, 33831.00000000, 130158395.81526241, 4252362826379116.00000000, 33014341898040676188160.00000000, -0.02948688, -0.17614306, 0.00053284, 0.00017943, -0.00029310, -0.00022749, 0.00638433, -0.00348653, 0.00777676, 0.71540507
/home/linusmg/Data/bigneuron/Both_GS_and_auto/0401_gold163_all_soma_sort_pixelsize/118/consensus.swc, 904.00000000, 11.62947259, 2.00000000, 196.00000000, 406.00000000, 211.00000000, 75.82077837, 79.54099621, 10.05490041, 1.16139581, 1237.28298767, 4924.19669411, 1893.60874632, 53.48102896, 100.68861896, 40.00000000, 0.97748602, 1.22413793, 0.71788803, 91.82958798, 89.77832038, 12726.00000000, 6784056.69464254, 11549507513841.33007812, 512001318542098752.00000000, -0.00219326, -0.00611179, 0.00000265, 0.00000034, -0.00000021, 0.00000000, 0.00022971, -0.00007524, 0.00010295, 0.58176206
/home/linusmg/Data/bigneuron/Both_GS_and_auto/0401_gold163_all_soma_sort_pixelsize/119/consensus.swc, 271.00000000, 3.14159265, 3.00000000, 57.00000000, 117.00000000, 61.00000000, 56.98900223, 57.78599930, 8.17128003, 1.20070236, 379.65069944, 1467.37727949, 509.43259695, 44.01855355, 49.18348122, 20.00000000, 0.97636982, 1.30769231, 0.82455980, 94.53043582, 85.10101444, 3915.00000000, 1033945.22310547, 163579074959.62741089, 1392784450457420.75000000, -0.01163498, -0.04480479, 0.00007718, 0.00001723, -0.00002798, -0.00001548, 0.00335525, -0.00151432, 0.00233551, 0.60219620
/home/linusmg/Data/bigneuron/Both_GS_and_auto/0401_gold163_all_soma_sort_pixelsize/11/consensus.swc, 281.00000000, 10.93888805, 2.00000000, 51.00000000, 110.00000000, 60.00000000, 109.44799423, 89.34599876, 50.78900909, 1.35603100, 431.29723323, 1962.03182031, 836.20401831, 130.76191240, 163.50527601, 21.00000000, 0.98850973, 1.54545455, 0.68445966, 94.92546822, 92.67318072, 4387.00000000, 9520536.11613462, 10180033674945.68164062, 801415012400582912.00000000, -0.12310732, -0.94481998, 0.00908402, 0.00408885, -0.00605786, -0.00693487, 0.04604290, -0.03092853, 0.08666146, 0.68133579
/home/linusmg/Data/bigneuron/Both_GS_and_auto/0401_gold163_all_soma_sort_pixelsize/120/consensus.swc, 3543.00000000, 1.86265019, 3.00000000, 210.00000000, 447.00000000, 238.00000000, 408.41098785, 525.66997993, 45.34610137, 1.25532636, 6564.26365955, 26608.81720556, 9885.04119269, 332.65746976, 561.31514602, 58.00000000, 0.97860964, 6.92393736, 0.72333587, 95.56603386, 91.72968353, 66175.00000000, 1263698436.13921309, 391016889974171456.00000000, 1004972802262976803373056.00000000, -0.01489308, -0.01254666, 0.00018473, 0.00000572, -0.00001206, -0.00000275, 0.00410838, -0.00031208, 0.00047498, 0.62777185
/home/linusmg/Data/bigneuron/Both_GS_and_auto/0401_gold163_all_soma_sort_pixelsize/121/consensus.swc, 1207.00000000, 12.56637061, 2.00000000, 133.00000000, 269.00000000, 137.00000000, 188.21700659, 172.59200096, 36.85499930, 1.38521116, 2056.45054626, 9120.86794397, 3551.11722935, 117.30894540, 171.13011441, 26.00000000, 0.96497989, 3.48327138, 0.79274169, 92.46004408, 85.81980038, 20925.00000000, 52017151.36974114, 592768441164306.00000000, 536517231077986533376.00000000, -0.01440630, -0.04214999, 0.00014539, 0.00001499, -0.00002354, 0.00001045, 0.00252738, 0.00014376, 0.00232749, 0.69343408
/home/linusmg/Data/bigneuron/Both_GS_and_auto/0401_gold163_all_soma_sort_pixelsize/122/consensus.swc, 2984.00000000, 3.61026819, 4.00000000, 289.00000000, 613.00000000, 325.00000000, 251.61200404, 308.90699768, 28.88790083, 1.11633143, 5262.74249521, 18715.31644085, 6483.23878486, 183.74546125, 331.74364223, 34.00000000, 0.96596091, 3.86623165, 0.74499597, 98.18303494, 94.92742290, 53260.00000000, 310359641.31465864, 21038739324624156.00000000, 43770725165669734678528.00000000, -0.00919924, -0.00684789, 0.00007032, 0.00000183, -0.00000366, -0.00000064, 0.00258982, -0.00021533, 0.00010677, 0.55834534
/home/linusmg/Data/bigneuron/Both_GS_and_auto/0401_gold163_all_soma_sort_pixelsize/123/consensus.swc, 3.00000000, 3.30106097, 1.00000000, 0.00000000, 1.00000000, 1.00000000, 3.53029633, 1.34299469, 0.99450302, 0.53333334, 3.91909556, 9.86960301, 2.10101092, 3.90584983, 3.91909556, 1.00000000, 0.99662021, 1.00000000, 0.97554690, 0.00000000, 0.00000000, 40.00000000, 50.93900696, 4.38642413, 0.00000000, -0.00014773, -0.00021218, 0.00321392, 0.00000000, 0.00000109, 0.00000000, -0.01361947, -0.00001220, -0.00000580, 0.43751101
/home/linusmg/Data/bigneuron/Both_GS_and_auto/0401_gold163_all_soma_sort_pixelsize/124/consensus.swc, 2992.00000000, 11.46084376, 2.00000000, 121.00000000, 251.00000000, 131.00000000, 383.89500535, 391.41300201, 41.81960106, 1.38235945, 5704.25182340, 25008.57635547, 9792.05208597, 256.02087317, 479.31995641, 24.00000000, 0.95947425, 10.91633466, 0.78419294, 98.72597022, 88.03970543, 57414.00000000, 782185943.40337157, 150745278927249248.00000000, 209354937240681722150912.00000000, -0.00690504, -0.00126768, 0.00004129, 0.00000022, -0.00000065, -0.00000004, 0.00184120, -0.00004859, 0.00004173, 0.69149891
/home/linusmg/Data/bigneuron/Both_GS_and_auto/0401_gold163_all_soma_sort_pixelsize/125/consensus.swc, 1801.00000000, 10.84529353, 3.00000000, 206.00000000, 425.00000000, 220.00000000, 204.32700574, 204.35600586, 12.75018072, 1.34190141, 3000.30762588, 13286.43565333, 5255.34459167, 138.16537871, 369.72633015, 66.00000000, 0.98269235, 3.23529412, 0.76346071, 97.87199312, 93.44681622, 30469.00000000, 164028216.03784484, 6613750609833700.00000000, 879642098564003397632.00000000, -0.00057519, -0.00211534, 0.00000013, 0.00000004, -0.00000005, -0.00000003, 0.00007432, -0.00002246, 0.00007945, 0.67146653
/home/linusmg/Data/bigneuron/Both_GS_and_auto/0401_gold163_all_soma_sort_pixelsize/126/consensus.swc, 2166.00000000, 12.56637061, 3.00000000, 185.00000000, 385.00000000, 201.00000000, 278.27800488, 213.28470612, 31.82999992, 1.29404177, 3892.82899843, 16065.37333698, 6355.14903094, 180.64519243, 480.11773025, 42.00000000, 0.96446519, 4.62337662, 0.76347735, 100.81011415, 95.81656671, 39354.00000000, 221657801.24645710, 10093249279357420.00000000, 19803352742639209283584.00000000, -0.00186813, -0.00302368, 0.00000163, 0.00000010, -0.00000023, 0.00000001, 0.00037231, -0.00003134, 0.00006757, 0.64748256
/home/linusmg/Data/bigneuron/Both_GS_and_auto/0401_gold163_all_soma_sort_pixelsize/127/consensus.swc, 2310.00000000, 9.93146656, 3.00000000, 234.00000000, 481.00000000, 248.00000000, 278.35899121, 210.51199722, 26.88150024, 1.21141302, 4097.42140965, 15796.47128407, 5840.75107121, 170.04305521, 338.97923873, 32.00000000, 0.96119540, 3.80041580, 0.75712922, 98.37655420, 95.71734214, 41461.00000000, 183089817.17367262, 8449161136750941.00000000, 13339984580048664395776.00000000, -0.00160343, -0.00316187, 0.00000073, 0.00000012, -0.00000018, -0.00000011, 0.00011125, -0.00004037, 0.00010920, 0.60609136
/home/linusmg/Data/bigneuron/Both_GS_and_auto/0401_gold163_all_soma_sort_pixelsize/128/consensus.swc, 2779.00000000, 3.69154724, 2.00000000, 155.00000000, 319.00000000, 165.00000000, 368.70600539, 373.80700874, 24.30420065, 1.44916933, 5187.52983252, 24027.47192558, 9742.41439618, 205.56602498, 741.00576252, 51.00000000, 0.96504439, 7.70846395, 0.74265875, 95.85673492, 88.08815074, 52272.00000000, 670152745.70917785, 103731983800167280.00000000, 79902489656261055873024.00000000, -0.00610473, -0.01472299, 0.00002555, 0.00000256, -0.00000493, -0.00000050, 0.00165689, -0.00036498, 0.00044331, 0.72477970
/home/linusmg/Data/bigneuron/Both_GS_and_auto/0401_gold163_all_soma_sort_pixelsize/129/consensus.swc, 750.00000000, 10.38335281, 2.00000000, 68.00000000, 137.00000000, 70.00000000, 111.12899780, 192.01890469, 20.54901820, 1.37205539, 1290.58206755, 5705.55376773, 2236.15933492, 131.54504783, 210.15568122, 50.00000000, 0.97060972, 4.46715328, 0.81307292, 77.24542515, 74.53765245, 13113.00000000, 36428533.31553776, 241693654917747.84375000, 23845026716221878272.00000000, -0.01107419, -0.00663267, 0.00009757, 0.00000200, -0.00000515, -0.00000013, 0.00332228, -0.00044932, 0.00013170, 0.68723969
/home/linusmg/Data/bigneuron/Both_GS_and_auto/0401_gold163_all_soma_sort_pixelsize/12/consensus.swc, 130.00000000, 7.88243181, 3.00000000, 33.00000000, 74.00000000, 42.00000000, 18.43501282, 31.07299805, 29.60899734, 1.07594054, 171.34794755, 579.79496875, 213.65755742, 37.47374406, 48.88589663, 17.00000000, 0.98865997, 0.74324324, 0.67959759, 109.30841622, 108.98805739, 1759.00000000, 221399.80528209, 8137508219.42008781, 40311686443780.68750000, -0.04909608, -0.21628528, 0.00157935, 0.00032610, -0.00061181, -0.00064490, 0.00521437, -0.00311761, 0.00648623, 0.54406258
/home/linusmg/Data/bigneuron/Both_GS_and_auto/0401_gold163_all_soma_sort_pixelsize/130/consensus.swc, 3116.00000000, 7.76345376, 4.00000000, 104.00000000, 218.00000000, 115.00000000, 525.56798100, 369.70600128, 30.57680035, 1.33161289, 5970.38181297, 25062.25512150, 9672.64026495, 292.70604388, 616.71632542, 30.00000000, 0.95633262, 13.28899083, 0.81134903, 98.46372551, 87.05062149, 60099.00000000, 1061465784.77634752, 243920339039536544.00000000, 521876916603134270242816.00000000, -0.01637994, -0.00235860, 0.00024399, 0.00000116, -0.00000246, -0.00000023, 0.00481856, -0.00021827, 0.00013697, 0.66605869
/home/linusmg/Data/bigneuron/Both_GS_and_auto/0401_gold163_all_soma_sort_pixelsize/131/consensus.swc, 1781.00000000, 0.93655905, 2.00000000, 123.00000000, 252.00000000, 130.00000000, 204.11399767, 203.35500427, 35.40000033, 1.39425590, 3217.75652383, 14303.04982206, 5540.69641961, 132.14709045, 314.76216951, 31.00000000, 0.96665665, 6.06349206, 0.78223577, 97.01202654, 94.71249378, 32613.00000000, 124635709.17983985, 3653888356151583.00000000, 2206709310401689944064.00000000, -0.00109870, -0.01134378, 0.00000055, 0.00000039, -0.00000035, -0.00000083, 0.00005563, -0.00014607, 0.00049912, 0.69728123
/home/linusmg/Data/bigneuron/Both_GS_and_auto/0401_gold163_all_soma_sort_pixelsize/132/consensus.swc, 1530.00000000, 12.56637061, 2.00000000, 126.00000000, 265.00000000, 140.00000000, 201.63999605, 204.35299572, 20.70999956, 1.45930548, 2653.53060511, 12439.56602986, 4996.44495882, 129.51223850, 203.37301864, 40.00000000, 0.97790169, 4.76981132, 0.81232213, 99.05222237, 92.74346054, 26922.00000000, 123195395.80762878, 3699378571470461.00000000, 693180522447531409408.00000000, -0.00209900, -0.00388596, 0.00000270, 0.00000020, -0.00000037, 0.00000009, 0.00042473, -0.00001194, 0.00013946, 0.73030634
/home/linusmg/Data/bigneuron/Both_GS_and_auto/0401_gold163_all_soma_sort_pixelsize/133/consensus.swc, 3331.00000000, 10.56692272, 2.00000000, 229.00000000, 474.00000000, 246.00000000, 420.60500437, 389.48601532, 28.35169341, 1.30428390, 6104.92415780, 25568.65210397, 9709.05035481, 235.55815531, 524.57636128, 36.00000000, 0.97124620, 6.02531646, 0.75439729, 94.87937308, 90.98080687, 61574.00000000, 772716789.04267526, 143830195409954448.00000000, 244188300338374861914112.00000000, -0.01206572, -0.00193695, 0.00013131, 0.00000069, -0.00000149, -0.00000013, 0.00344699, -0.00009610, 0.00007343, 0.65241724
/home/linusmg/Data/bigneuron/Both_GS_and_auto/0401_gold163_all_soma_sort_pixelsize/134/consensus.swc, 1675.00000000, 1.53938035, 4.00000000, 115.00000000, 243.00000000, 129.00000000, 278.20000660, 228.38580777, 27.88999939, 1.30379643, 3079.33619116, 12750.98808769, 4824.73898403, 213.77379254, 385.06088621, 22.00000000, 0.95652414, 5.88888889, 0.80743230, 96.40824452, 89.40800660, 31085.00000000, 197127772.86116159, 9093228030748336.00000000, 7196459147798227451904.00000000, -0.08781739, -0.28925880, 0.00525717, 0.00085088, -0.00160517, -0.00086806, 0.02273299, -0.00617656, 0.01234829, 0.65210717
/home/linusmg/Data/bigneuron/Both_GS_and_auto/0401_gold163_all_soma_sort_pixelsize/135/consensus.swc, 2.00000000, 0.93655905, 1.00000000, 0.00000000, 1.00000000, 1.00000000, 0.16299438, 1.87699890, 0.64590073, 0.27300000, 1.99170275, 3.41638685, 0.46633681, 1.99170275, 1.99170275, 1.00000000, 1.00000000, 0.00000000, 1.00000000, 0.00000000, 0.00000000, 20.00000000, 6.59493766, -0.00000000, 0.00000000, -0.00000000, -0.00000000, 0.01648163, 0.00000000, 0.00000000, -0.00000000, -0.02628113, -0.00000000, 0.00000000, 0.27300000
/home/linusmg/Data/bigneuron/Both_GS_and_auto/0401_gold163_all_soma_sort_pixelsize/136/consensus.swc, 1730.00000000, 7.06858347, 2.00000000, 221.00000000, 458.00000000, 238.00000000, 198.41100264, 196.37400627, 15.51325494, 1.15302740, 2786.73414357, 10863.35252603, 3866.69450195, 135.35593269, 281.23200869, 72.00000000, 0.97567945, 2.77510917, 0.74745389, 100.88758030, 95.22561460, 28404.00000000, 106661266.06873257, 2851464965847451.00000000, 688467763691415535616.00000000, -0.00302099, -0.00133358, 0.00000675, 0.00000008, -0.00000025, -0.00000000, 0.00076167, -0.00001551, 0.00000391, 0.57694722
/home/linusmg/Data/bigneuron/Both_GS_and_auto/0401_gold163_all_soma_sort_pixelsize/137/consensus.swc, 2436.00000000, 7.29658816, 2.00000000, 104.00000000, 210.00000000, 107.00000000, 486.56898499, 336.63601685, 31.92309928, 1.31784950, 4617.05989588, 19280.06152404, 7464.32938236, 302.51738070, 469.98064631, 24.00000000, 0.96289914, 10.59523810, 0.76734628, 93.31374088, 89.55157665, 46476.00000000, 731185154.05350268, 104355622252075024.00000000, 138336899657651472826368.00000000, -0.00450801, -0.00492204, 0.00001638, 0.00000070, -0.00000191, -0.00000029, 0.00120505, -0.00024770, 0.00017546, 0.65923756
/home/linusmg/Data/bigneuron/Both_GS_and_auto/0401_gold163_all_soma_sort_pixelsize/138/consensus.swc, 1170.00000000, 3.51658551, 4.00000000, 145.00000000, 303.00000000, 159.00000000, 144.24800196, 145.16300678, 14.59930038, 1.23047775, 1914.18985815, 7697.66516964, 2949.12021167, 107.17509495, 156.65724557, 44.00000000, 0.97338761, 2.85808581, 0.76832752, 96.26527129, 93.47096972, 19487.00000000, 39100440.15558767, 343372475918355.87500000, 13758307187168718848.00000000, -0.02894205, -0.15192311, 0.00051899, 0.00015228, -0.00025655, -0.00021428, 0.00727941, -0.00320005, 0.00824128, 0.61569101
/home/linusmg/Data/bigneuron/Both_GS_and_auto/0401_gold163_all_soma_sort_pixelsize/139/consensus.swc, 2556.00000000, 4.01149963, 4.00000000, 196.00000000, 410.00000000, 215.00000000, 273.91418457, 355.50899148, 35.00000000, 1.21824710, 4655.47448618, 18123.65776049, 6733.96571572, 195.61122156, 564.52887802, 45.00000000, 0.96709071, 5.23170732, 0.80829882, 100.80745376, 95.14604117, 47022.00000000, 328401764.82321000, 26621215003643988.00000000, 55238390817973581381632.00000000, -0.00144638, -0.00121687, 0.00000135, 0.00000003, -0.00000005, 0.00000001, 0.00021903, -0.00001094, -0.00000178, 0.60934460
/home/linusmg/Data/bigneuron/Both_GS_and_auto/0401_gold163_all_soma_sort_pixelsize/140/consensus.swc, 59.00000000, 4.09715175, 4.00000000, 15.00000000, 32.00000000, 18.00000000, 3.99599457, 44.27500916, 12.00500107, 0.75590353, 74.07341329, 177.96184164, 37.57925886, 39.68640347, 40.26162884, 10.00000000, 0.97951313, 0.81250000, 0.83001026, 101.71509400, 89.48237890, 766.00000000, 138670.55110180, 159360268.18972260, 27917775606.59130859, -0.01989881, -0.14310691, 0.00021594, 0.00010059, -0.00014342, -0.00017462, 0.00820728, -0.00568853, 0.01538477, 0.38762973
/home/linusmg/Data/bigneuron/Both_GS_and_auto/0401_gold163_all_soma_sort_pixelsize/143/consensus.swc, 34.00000000, 12.56637061, 4.00000000, 1.00000000, 4.00000000, 4.00000000, 7.20700073, 54.64901733, 6.86709976, 1.70299029, 60.38944367, 333.82018100, 151.47681475, 53.37741048, 54.30363293, 1.00000000, 0.97334242, 7.25000000, 0.84786350, 94.45967523, 140.43257106, 612.00000000, 174617.02205558, 61259205.93251818, 2717844812.98632812, -0.00170515, -0.00711689, 0.00000213, 0.00000041, -0.00000020, -0.00000051, 0.00006225, -0.00034711, 0.00063413, 0.88090691
/home/linusmg/Data/bigneuron/Both_GS_and_auto/0401_gold163_all_soma_sort_pixelsize/144/consensus.swc, 299.00000000, 9.22935819, 3.00000000, 90.00000000, 187.00000000, 98.00000000, 37.72999859, 44.62700177, 5.97999954, 1.09056498, 331.96618439, 1125.52463827, 367.96200934, 37.41681203, 53.82410661, 36.00000000, 0.98325443, 0.59358289, 0.75027418, 101.64000950, 98.71969179, 3459.00000000, 407412.50560729, 38896539756.50651550, 91518652478186.68750000, -0.04299475, -0.20151111, 0.00112493, 0.00030011, -0.00051640, -0.00041887, 0.01053641, -0.00426593, 0.01021932, 0.54814871
/home/linusmg/Data/bigneuron/Both_GS_and_auto/0401_gold163_all_soma_sort_pixelsize/145/consensus.swc, 157.00000000, 11.08003311, 3.00000000, 12.00000000, 27.00000000, 16.00000000, 65.48100281, 85.28200531, 72.43120265, 1.67063294, 279.85642888, 1523.14999415, 710.66389370, 82.98392340, 172.06138433, 10.00000000, 0.96181009, 4.77777778, 0.66788294, 109.34351159, 109.02327384, 2827.00000000, 3537637.23298996, 3579156873202.02050781, 970292508943656448.00000000, -0.11713479, -0.09950679, 0.00674902, 0.00021927, -0.00099960, -0.00005478, 0.01707146, -0.00221486, -0.00069921, 0.84129736
/home/linusmg/Data/bigneuron/Both_GS_and_auto/0401_gold163_all_soma_sort_pixelsize/148/consensus.swc, 131.00000000, 8.40846055, 4.00000000, 24.00000000, 55.00000000, 32.00000000, 70.54780579, 21.07699585, 46.32160187, 1.19821979, 199.96704779, 792.60430483, 303.92003858, 63.10778695, 87.82020411, 9.00000000, 0.98405725, 1.36363636, 0.71122244, 103.89044977, 101.19303155, 2040.00000000, 1412308.74797805, 140016431009.55404663, 930172281535430.50000000, -0.06546474, -0.38731736, 0.00285875, 0.00090605, -0.00154186, -0.00192902, 0.01264068, -0.00731756, 0.01719536, 0.60535417
/home/linusmg/Data/bigneuron/Both_GS_and_auto/0401_gold163_all_soma_sort_pixelsize/14/consensus.swc, 243.00000000, 9.93146656, 1.00000000, 51.00000000, 110.00000000, 59.00000000, 29.15770149, 15.34390068, 53.29499817, 1.25270097, 350.16797737, 1380.00557887, 542.04101188, 56.25633428, 78.17089395, 20.00000000, 0.97039674, 1.20000000, 0.73025124, 98.27178415, 89.67169648, 3578.00000000, 781382.65727538, 36399642720.90579224, 436322486611925.62500000, -0.01439584, -0.04955453, 0.00004340, 0.00002216, -0.00000746, -0.00003883, 0.00054549, -0.00219629, 0.00372111, 0.63000892
/home/linusmg/Data/bigneuron/Both_GS_and_auto/0401_gold163_all_soma_sort_pixelsize/150/consensus.swc, 238.00000000, 7.80301219, 3.00000000, 28.00000000, 58.00000000, 31.00000000, 79.82701111, 120.82389641, 76.36230278, 1.43850116, 409.70250426, 1960.54569516, 847.52002252, 122.34787669, 202.12341302, 12.00000000, 0.95801051, 3.08620690, 0.72892401, 106.51110647, 101.10571111, 4156.00000000, 8251952.87255413, 17202786391415.71679688, 8621429818483795968.00000000, -0.14145756, -0.07451421, 0.01209182, 0.00012376, -0.00074577, 0.00006884, 0.02336377, -0.00246736, -0.00084386, 0.72256150
/home/linusmg/Data/bigneuron/Both_GS_and_auto/0401_gold163_all_soma_sort_pixelsize/153/consensus.swc, 191.00000000, 5.98284901, 2.00000000, 22.00000000, 46.00000000, 25.00000000, 63.69499207, 105.50299454, 77.78350353, 1.51922048, 332.43540911, 1651.82274909, 711.42272483, 109.40001946, 171.43051568, 10.00000000, 0.96172529, 3.13043478, 0.74030257, 105.77234671, 98.92167295, 3369.00000000, 5620473.25999549, 7306242671286.98535156, 1950859808996846592.00000000, -0.10513583, -0.05257615, 0.00772289, 0.00009770, -0.00042237, -0.00002830, 0.02349431, -0.00137236, -0.00049067, 0.76322280
/home/linusmg/Data/bigneuron/Both_GS_and_auto/0401_gold163_all_soma_sort_pixelsize/156/consensus.swc, 439.00000000, 12.56637061, 2.00000000, 83.00000000, 183.00000000, 101.00000000, 110.92601013, 146.63000107, 47.73839760, 1.20024721, 673.58947250, 2669.27505881, 1037.81966027, 176.85957861, 269.95350398, 20.00000000, 0.97334421, 1.39344262, 0.69192359, 97.56401777, 93.35872428, 6880.00000000, 13009207.75130359, 23064138644380.11718750, 1310524615828757504.00000000, -0.00511708, -0.04265400, 0.00001556, 0.00000755, -0.00000975, -0.00001234, 0.00159968, -0.00114738, 0.00378458, 0.60240151
/home/linusmg/Data/bigneuron/Both_GS_and_auto/0401_gold163_all_soma_sort_pixelsize/15/consensus.swc, 184.00000000, 4.34474723, 2.00000000, 32.00000000, 69.00000000, 38.00000000, 28.72399902, 88.92299652, 45.23899841, 1.28965109, 285.33203704, 1193.63416469, 476.22572061, 97.12794598, 138.79645499, 14.00000000, 0.98294366, 1.65217391, 0.76061776, 97.19111187, 93.21065537, 2902.00000000, 2044686.16096907, 479779526727.64587402, 9906784921361816.00000000, -0.15768790, -0.83314625, 0.01619647, 0.00453359, -0.00832192, -0.00895270, 0.05210513, -0.02426246, 0.05110208, 0.64802120
/home/linusmg/Data/bigneuron/Both_GS_and_auto/0401_gold163_all_soma_sort_pixelsize/162/consensus.swc, 193.00000000, 8.40846055, 2.00000000, 14.00000000, 30.00000000, 17.00000000, 67.46800232, 107.47899818, 77.50239921, 1.47743123, 345.82415320, 1644.94284245, 699.84428409, 102.02519603, 183.87889334, 13.00000000, 0.96066901, 5.40000000, 0.88301110, 83.93861096, 80.69691085, 3499.00000000, 5966980.60747365, 9337300291871.38085938, 3978073197583155200.00000000, -0.10118716, -0.07699342, 0.00543541, 0.00014170, -0.00055057, -0.00003921, 0.01580630, -0.00129569, -0.00105034, 0.74295396
/home/linusmg/Data/bigneuron/Both_GS_and_auto/0401_gold163_all_soma_sort_pixelsize/163/consensus.swc, 207.00000000, 10.70565504, 2.00000000, 25.00000000, 51.00000000, 27.00000000, 96.33601379, 71.32609940, 69.79950333, 1.43941897, 360.78396898, 1694.39574255, 709.87025750, 112.27087779, 220.62508769, 15.00000000, 0.97618800, 3.03921569, 0.70793001, 103.05250463, 99.91561975, 3652.00000000, 7576664.74727456, 6343647157772.23925781, 966996711590002688.00000000, -0.04322477, -0.13752021, 0.00138173, 0.00020525, -0.00041682, -0.00015305, 0.01751104, -0.00610985, 0.01155568, 0.72416842
/home/linusmg/Data/bigneuron/Both_GS_and_auto/0401_gold163_all_soma_sort_pixelsize/16/consensus.swc, 526.00000000, 4.90873852, 2.00000000, 125.00000000, 263.00000000, 139.00000000, 47.10300446, 65.98099899, 46.87700272, 1.31369189, 739.51380841, 3104.02452596, 1200.08361458, 75.28682783, 101.89733717, 23.00000000, 0.98010109, 0.99619772, 0.75613399, 98.30869881, 95.09439048, 7581.00000000, 3190789.79841611, 1856088056146.29321289, 60905504445934208.00000000, -0.01173952, -0.01627986, 0.00009569, 0.00000484, -0.00000983, 0.00000265, 0.00176478, -0.00031637, -0.00012205, 0.65803416
/home/linusmg/Data/bigneuron/Both_GS_and_auto/0401_gold163_all_soma_sort_pixelsize/170/consensus.swc, 289.00000000, 11.72638463, 2.00000000, 48.00000000, 96.00000000, 49.00000000, 54.32299805, 110.08899689, 19.58780098, 1.17203471, 463.49266715, 1748.46621033, 630.28364301, 86.80644496, 112.99154196, 13.00000000, 0.95989937, 2.00000000, 0.75277947, 93.72627024, 96.08799264, 4716.00000000, 6725048.11652572, 3550009699333.95800781, 291886981871832000.00000000, -0.08350003, -0.62986899, 0.00414270, 0.00184493, -0.00274612, -0.00327253, 0.03306371, -0.02224277, 0.06087389, 0.58935992
/home/linusmg/Data/bigneuron/Both_GS_and_auto/0401_gold163_all_soma_sort_pixelsize/174/consensus.swc, 527.00000000, 9.62112750, 2.00000000, 80.00000000, 166.00000000, 87.00000000, 235.77650452, 76.87100220, 61.92000198, 1.37315010, 856.12595174, 3823.08985394, 1561.48026377, 209.06988029, 284.82332393, 25.00000000, 0.97501542, 2.16867470, 0.76576299, 96.62639469, 99.47493213, 8701.00000000, 43112672.84517097, 162624796792212.34375000, 77774686710600187904.00000000, -0.53670912, -3.78818109, 0.17252322, 0.07145033, -0.11055214, -0.12455224, 0.20373879, -0.13052222, 0.35066075, 0.68823539
/home/linusmg/Data/bigneuron/Both_GS_and_auto/0401_gold163_all_soma_sort_pixelsize/178/consensus.swc, 191.00000000, 5.03520673, 3.00000000, 17.00000000, 36.00000000, 20.00000000, 58.92100525, 86.53199768, 73.83299828, 1.61051993, 338.15180025, 1771.16923842, 795.88351233, 75.08153771, 160.16441366, 8.00000000, 0.96771692, 4.27777778, 0.79157813, 114.01705932, 106.84759711, 3414.00000000, 4347584.94490533, 5511392214485.19335938, 1924332321567696896.00000000, -0.07051038, -0.08921078, 0.00224398, 0.00011745, -0.00037290, 0.00008120, 0.00420406, 0.00013501, 0.00049548, 0.80857410
/home/linusmg/Data/bigneuron/Both_GS_and_auto/0401_gold163_all_soma_sort_pixelsize/181/consensus.swc, 179.00000000, 11.05644634, 4.00000000, 30.00000000, 66.00000000, 37.00000000, 77.49799728, 65.95799255, 45.06999969, 1.27826656, 282.51557314, 1171.76804969, 456.08886610, 61.76611711, 80.54722141, 13.00000000, 0.97182118, 1.69696970, 0.71139862, 110.35821840, 101.26801064, 2880.00000000, 2724409.99119305, 329768583529.34680176, 4690601574701568.00000000, -0.02061678, -0.03958521, 0.00030523, 0.00002337, -0.00004629, -0.00000787, 0.00485429, -0.00143543, -0.00036967, 0.64437350
/home/linusmg/Data/bigneuron/Both_GS_and_auto/0401_gold163_all_soma_sort_pixelsize/182/consensus.swc, 200.00000000, 10.89203983, 3.00000000, 20.00000000, 42.00000000, 23.00000000, 64.54399872, 84.29180527, 69.95671225, 1.56622448, 348.21057496, 1782.16490616, 772.19996605, 78.44757779, 182.03652914, 12.00000000, 0.96303800, 3.73809524, 0.68768560, 94.12710692, 95.45581298, 3525.00000000, 4655496.15302064, 6671850251926.10156250, 2804598864736876032.00000000, -0.09996612, -0.09291563, 0.00471817, 0.00023008, -0.00086664, -0.00007457, 0.00912326, -0.00146485, 0.00052980, 0.78776724
/home/linusmg/Data/bigneuron/Both_GS_and_auto/0401_gold163_all_soma_sort_pixelsize/186/consensus.swc, 125.00000000, 8.71966643, 3.00000000, 17.00000000, 39.00000000, 23.00000000, 44.83099365, 46.46699524, 48.61749840, 1.34767928, 200.57417964, 900.44457011, 368.66644221, 66.02074869, 114.72003444, 7.00000000, 0.95300802, 2.17948718, 0.67364643, 104.93782084, 100.74832856, 2048.00000000, 1447813.61578553, 136471874374.88916016, 2602652594386448.00000000, -0.00399627, -0.00449495, 0.00000965, 0.00000046, -0.00000116, -0.00000026, 0.00108902, -0.00008973, -0.00002120, 0.68050364
/home/linusmg/Data/bigneuron/Both_GS_and_auto/0401_gold163_all_soma_sort_pixelsize/195/consensus.swc, 118.00000000, 7.06858347, 3.00000000, 19.00000000, 40.00000000, 22.00000000, 64.07099915, 39.63800049, 60.97719765, 1.36145253, 187.70531644, 841.27546260, 347.49624765, 85.17835149, 133.03005842, 13.00000000, 0.97086759, 1.92500000, 0.71348497, 104.59300218, 95.71663080, 1907.00000000, 1639400.39628900, 392300589315.66284180, 4808223675465530.00000000, -0.09970534, -0.22093817, 0.00689586, 0.00045248, -0.00092642, -0.00036839, 0.02597509, -0.00631993, 0.00105020, 0.68708219
/home/linusmg/Data/bigneuron/Both_GS_and_auto/0401_gold163_all_soma_sort_pixelsize/197/consensus.swc, 104.00000000, 12.56637061, 2.00000000, 14.00000000, 28.00000000, 15.00000000, 68.23100281, 81.99398804, 21.25629997, 1.33544244, 177.23936389, 773.81740127, 317.92171035, 85.49076784, 99.03336921, 10.00000000, 0.96798351, 2.67857143, 0.76138766, 105.21808915, 97.29653979, 1796.00000000, 1928582.82681447, 110743609614.61218262, 1592275279655880.00000000, -0.03989126, -0.21938833, 0.00096664, 0.00030739, -0.00052011, -0.00050161, 0.01763725, -0.01001779, 0.02335904, 0.67733661
/home/linusmg/Data/bigneuron/Both_GS_and_auto/0401_gold163_all_soma_sort_pixelsize/1/consensus.swc, 634.00000000, 11.34114919, 6.00000000, 172.00000000, 378.00000000, 207.00000000, 100.19499588, 60.60600281, 37.71520233, 1.00668253, 838.13383931, 2612.05810114, 859.17980643, 78.72388270, 106.17079077, 38.00000000, 0.98359318, 0.67460317, 0.68587778, 98.44401624, 97.21210018, 8627.00000000, 5899975.79302696, 2487281859715.12597656, 229384373985709824.00000000, -0.03164925, -0.04626560, 0.00070348, 0.00003439, -0.00009185, 0.00003177, 0.00871200, -0.00251311, -0.00181668, 0.50483969
/home/linusmg/Data/bigneuron/Both_GS_and_auto/0401_gold163_all_soma_sort_pixelsize/202/consensus.swc, 220.00000000, 8.84573189, 3.00000000, 18.00000000, 39.00000000, 22.00000000, 75.63500214, 123.37570190, 72.72712755, 1.56951221, 389.78335846, 1989.16851895, 881.27844397, 130.71404710, 213.13160387, 11.00000000, 0.94320526, 4.61538462, 0.73828346, 109.68056253, 94.75505540, 3937.00000000, 7828004.19372567, 13676939551747.07617188, 5241221504906338304.00000000, -0.09547407, -0.03268330, 0.00598539, 0.00003055, -0.00028260, 0.00001540, 0.01024102, -0.00120415, -0.00035266, 0.78856974
/home/linusmg/Data/bigneuron/Both_GS_and_auto/0401_gold163_all_soma_sort_pixelsize/203/consensus.swc, 834.00000000, 11.65366254, 3.00000000, 159.00000000, 333.00000000, 175.00000000, 128.21400452, 95.30899048, 52.31610012, 1.20669468, 1308.60781232, 5105.22816607, 1912.07545660, 125.56800246, 204.31414177, 28.00000000, 0.98108133, 1.50150150, 0.72085510, 100.34745817, 97.14016977, 13327.00000000, 16977991.41766177, 74492552712333.87500000, 50019543469583319040.00000000, -0.01556847, -0.07662655, 0.00016431, 0.00003801, -0.00005847, -0.00004765, 0.00317972, -0.00136392, 0.00219022, 0.60450202
/home/linusmg/Data/bigneuron/Both_GS_and_auto/0401_gold163_all_soma_sort_pixelsize/209/consensus.swc, 362.00000000, 6.78866783, 3.00000000, 78.00000000, 166.00000000, 89.00000000, 72.75600052, 120.87600708, 25.59879684, 1.12054027, 523.29747268, 1968.84249687, 738.31021921, 86.84778969, 188.36820182, 29.00000000, 0.98597242, 1.17469880, 0.69532666, 95.41270253, 97.06085163, 5339.00000000, 11401707.41543164, 8413029370164.85156250, 796119435879903488.00000000, -0.02265171, -0.25304552, 0.00032664, 0.00019660, -0.00021478, -0.00046414, 0.00801845, -0.00653128, 0.02500169, 0.56230052
/home/linusmg/Data/bigneuron/Both_GS_and_auto/0401_gold163_all_soma_sort_pixelsize/214/consensus.swc, 265.00000000, 10.70565504, 2.00000000, 50.00000000, 102.00000000, 53.00000000, 102.35899734, 78.57899475, 37.24130058, 1.24839754, 418.53299862, 1683.01036067, 644.90438561, 100.08982294, 128.32095506, 11.00000000, 0.98567558, 1.58823529, 0.74025537, 104.18687612, 102.05098207, 4265.00000000, 4890167.93772815, 2222559615869.45312500, 178624463111418048.00000000, -0.28946163, -2.06296495, 0.05295471, 0.02124330, -0.03303206, -0.02975126, 0.12459829, -0.08006231, 0.21542899, 0.62768179
/home/linusmg/Data/bigneuron/Both_GS_and_auto/0401_gold163_all_soma_sort_pixelsize/215/consensus.swc, 231.00000000, 11.67787762, 2.00000000, 52.00000000, 107.00000000, 56.00000000, 34.31201172, 53.28300476, 44.59999847, 1.13837736, 338.04583622, 1223.54842488, 439.21793291, 43.59666209, 66.48565830, 20.00000000, 0.96828991, 1.14953271, 0.71149743, 100.33926851, 96.04595693, 3464.00000000, 1526003.22556460, 368314103966.58923340, 21396894620464272.00000000, -0.01363405, -0.01265059, 0.00008976, 0.00000406, -0.00001680, 0.00000073, 0.00258372, -0.00068691, 0.00051121, 0.57336184
/home/linusmg/Data/bigneuron/Both_GS_and_auto/0401_gold163_all_soma_sort_pixelsize/217/consensus.swc, 193.00000000, 3.14159265, 4.00000000, 25.00000000, 52.00000000, 28.00000000, 75.48500061, 151.66400909, 25.14429855, 1.19587240, 323.78488877, 1284.90176036, 462.97694928, 95.37609559, 140.34184547, 9.00000000, 0.97903912, 2.69230769, 0.68793835, 105.67717134, 95.27418279, 3280.00000000, 10711437.72625402, 6660584446109.05078125, 439655182434138944.00000000, -0.04869412, -0.06236193, 0.00199579, 0.00007840, -0.00017657, 0.00002933, 0.01641366, -0.00432573, -0.00262646, 0.60052687
/home/linusmg/Data/bigneuron/Both_GS_and_auto/0401_gold163_all_soma_sort_pixelsize/219/consensus.swc, 583.00000000, 7.06858347, 2.00000000, 111.00000000, 229.00000000, 119.00000000, 89.14999390, 95.23400116, 54.74859715, 1.18554960, 916.35587520, 3474.00587025, 1299.15995322, 95.80321934, 215.85412749, 42.00000000, 0.96782124, 1.54148472, 0.72129120, 95.02513092, 92.25621976, 9345.00000000, 14932478.00688304, 32773961860644.58593750, 19067100474147926016.00000000, -0.01700120, -0.08563258, 0.00018729, 0.00004473, -0.00003941, -0.00005429, 0.00301181, -0.00164384, 0.00532952, 0.59406125
/home/linusmg/Data/bigneuron/Both_GS_and_auto/0401_gold163_all_soma_sort_pixelsize/21/consensus.swc, 190.00000000, 10.56692272, 2.00000000, 25.00000000, 54.00000000, 30.00000000, 65.96360016, 54.07399750, 46.82699585, 1.49967556, 315.03880258, 1545.13794308, 690.99500584, 67.82906984, 135.47612296, 11.00000000, 0.98031265, 2.50000000, 0.69656651, 99.19428458, 90.07609895, 3194.00000000, 2755638.62982779, 1453777659525.71166992, 184918058740273408.00000000, -0.03382950, -0.14952529, 0.00073265, 0.00014049, -0.00023385, -0.00023370, 0.00571064, -0.00371844, 0.00672139, 0.75466409
/home/linusmg/Data/bigneuron/Both_GS_and_auto/0401_gold163_all_soma_sort_pixelsize/225/consensus.swc, 224.00000000, 8.40846055, 2.00000000, 45.00000000, 92.00000000, 48.00000000, 67.19999695, 80.11000061, 52.11659622, 1.19988086, 338.15374351, 1359.99370215, 531.19790235, 89.44719276, 146.61076048, 14.00000000, 0.98112527, 1.42391304, 0.70224855, 102.14289268, 101.60723567, 3450.00000000, 4510988.04110999, 1906961320794.98095703, 206473605680332800.00000000, -0.00397222, -0.00582237, 0.00000036, 0.00000050, 0.00000003, 0.00000010, -0.00002560, 0.00000199, 0.00040422, 0.60359222
/home/linusmg/Data/bigneuron/Both_GS_and_auto/0401_gold163_all_soma_sort_pixelsize/22/consensus.swc, 517.00000000, 4.44880978, 2.00000000, 132.00000000, 282.00000000, 151.00000000, 73.17599487, 57.02199554, 58.50299835, 1.31019483, 708.38842971, 2987.16682561, 1219.63516179, 84.25226026, 141.19815763, 37.00000000, 0.99056488, 0.82978723, 0.70433243, 100.66309605, 101.91450049, 7271.00000000, 3464891.04451263, 2760831620248.71826172, 60896916425021376.00000000, -0.06862649, -0.43121447, 0.00292419, 0.00092982, -0.00155004, -0.00147291, 0.01353351, -0.00763895, 0.02013215, 0.65624829
/home/linusmg/Data/bigneuron/Both_GS_and_auto/0401_gold163_all_soma_sort_pixelsize/238/consensus.swc, 308.00000000, 12.56637061, 2.00000000, 50.00000000, 101.00000000, 52.00000000, 107.25500488, 187.27819061, 12.91600132, 1.35923094, 505.91411541, 2325.63568196, 988.15495748, 143.40802393, 160.14097370, 14.00000000, 0.98841536, 2.03960396, 0.67485536, 88.20455738, 89.92019763, 5130.00000000, 23849091.48096384, 83703240758787.56250000, 1219635700473071104.00000000, -0.14488889, -0.42223119, 0.01499747, 0.00207633, -0.00397751, -0.00200812, 0.05062996, -0.01825028, 0.03409514, 0.68286222
/home/linusmg/Data/bigneuron/Both_GS_and_auto/0401_gold163_all_soma_sort_pixelsize/23/consensus.swc, 641.00000000, 11.26963490, 2.00000000, 165.00000000, 370.00000000, 206.00000000, 39.24300194, 89.08459473, 67.33599854, 1.18079578, 851.75257564, 3241.87028752, 1242.46095421, 102.00395404, 142.44031242, 30.00000000, 0.98720192, 0.72972973, 0.70409046, 99.60013010, 98.71213953, 8762.00000000, 5350381.32918686, 5707204655717.32031250, 893561195632757504.00000000, -0.06456314, -0.90382792, 0.00234992, 0.00178509, -0.00135176, -0.00439795, 0.00486360, -0.00520942, 0.03484641, 0.59187527
/home/linusmg/Data/bigneuron/Both_GS_and_auto/0401_gold163_all_soma_sort_pixelsize/245/consensus.swc, 829.00000000, 10.47493670, 4.00000000, 87.00000000, 183.00000000, 97.00000000, 146.75500488, 178.15500641, 36.02659941, 0.97103529, 1464.55550525, 4389.49754356, 1382.91768395, 108.25903001, 176.31403751, 24.00000000, 0.97377283, 3.52459016, 0.75349811, 96.39871711, 94.41083864, 14835.00000000, 36965635.30561502, 275446481547001.87500000, 62545488663609360384.00000000, -0.04392780, -0.10479405, 0.00145250, 0.00015314, -0.00031048, -0.00015726, 0.01279205, -0.00338530, 0.00496970, 0.48661897
/home/linusmg/Data/bigneuron/Both_GS_and_auto/0401_gold163_all_soma_sort_pixelsize/249/consensus.swc, 227.00000000, 5.59063998, 4.00000000, 27.00000000, 61.00000000, 35.00000000, 63.57299042, 47.18500137, 68.92000341, 0.97301572, 389.28553876, 1188.40015648, 305.76692276, 74.82982647, 109.75183666, 12.00000000, 0.97620418, 2.70491803, 0.85250814, 88.90016524, 86.14573230, 3959.00000000, 2800463.74362852, 790165164324.98071289, 55803002213468992.00000000, -0.00372813, -0.00564691, 0.00001028, 0.00000039, -0.00000164, -0.00000042, 0.00033507, -0.00012392, 0.00003217, 0.48944619
/home/linusmg/Data/bigneuron/Both_GS_and_auto/0401_gold163_all_soma_sort_pixelsize/24/consensus.swc, 196.00000000, 11.53296266, 2.00000000, 43.00000000, 96.00000000, 54.00000000, 25.31600189, 78.54599762, 31.98730469, 1.23695175, 271.22637607, 1055.69993292, 410.57879812, 65.86784309, 80.18884070, 25.00000000, 0.97602059, 1.03125000, 0.69819537, 94.97176928, 97.85004463, 2780.00000000, 1423896.46244684, 181953097847.23162842, 2930414517662766.00000000, -0.17930855, -1.21306030, 0.02085820, 0.00778384, -0.01268399, -0.01410813, 0.06937482, -0.04115994, 0.11056496, 0.62336363
/home/linusmg/Data/bigneuron/Both_GS_and_auto/0401_gold163_all_soma_sort_pixelsize/250/consensus.swc, 519.00000000, 6.15752139, 3.00000000, 40.00000000, 82.00000000, 43.00000000, 149.17001343, 190.98999023, 79.80739975, 1.37515852, 955.25769975, 4182.21643241, 1750.61259781, 174.43583168, 295.65147052, 13.00000000, 0.95934745, 5.31707317, 0.77775609, 99.12550421, 99.38883783, 9669.00000000, 39824078.63577679, 393031438973727.31250000, 712097451030325493760.00000000, -0.05648168, -0.49226296, 0.00080638, 0.00058279, -0.00061403, -0.00022607, 0.00306519, 0.00003047, 0.02204500, 0.68892801
/home/linusmg/Data/bigneuron/Both_GS_and_auto/0401_gold163_all_soma_sort_pixelsize/251/consensus.swc, 761.00000000, 8.40846055, 5.00000000, 97.00000000, 202.00000000, 106.00000000, 145.42100143, 107.48699951, 39.50099945, 1.22420802, 1284.77651980, 4947.82771410, 1817.74681473, 141.89427182, 201.01393391, 22.00000000, 0.96311564, 2.76237624, 0.79102933, 99.85701496, 96.17113810, 13059.00000000, 36006166.60041898, 195607919171584.96875000, 169319814131390152704.00000000, -0.10170095, -0.54653317, 0.00663880, 0.00191530, -0.00312535, -0.00250729, 0.03538223, -0.01936490, 0.04532244, 0.61317891
/home/linusmg/Data/bigneuron/Both_GS_and_auto/0401_gold163_all_soma_sort_pixelsize/252/consensus.swc, 1154.00000000, 10.17875966, 3.00000000, 53.00000000, 111.00000000, 59.00000000, 198.69097900, 379.25997925, 114.20699501, 1.25088136, 2183.25333484, 8509.47669483, 2980.90516310, 264.14774512, 418.59307561, 16.00000000, 0.94235368, 9.38738739, 0.84594165, 101.58548279, 95.59238000, 22090.00000000, 222701472.05762386, 5800639719879023.00000000, 32412897322438706069504.00000000, -0.07926686, -0.41613512, 0.00404430, 0.00114024, -0.00194594, -0.00149361, 0.02570456, -0.01394406, 0.02770265, 0.62622057
/home/linusmg/Data/bigneuron/Both_GS_and_auto/0401_gold163_all_soma_sort_pixelsize/253/consensus.swc, 1475.00000000, 7.76345376, 3.00000000, 94.00000000, 190.00000000, 97.00000000, 222.10599518, 390.77400208, 150.72500515, 1.23800789, 2762.10601887, 10678.77599795, 3999.49829138, 223.20738150, 452.63631395, 19.00000000, 0.95781229, 6.75789474, 0.81562654, 96.12823847, 95.32151691, 27961.00000000, 421817436.98332793, 20836376109674824.00000000, 209210980633607994867712.00000000, -0.11764499, -0.36941205, 0.01072229, 0.00139197, -0.00270411, -0.00230500, 0.03535456, -0.01114564, 0.01386576, 0.61953683
/home/linusmg/Data/bigneuron/Both_GS_and_auto/0401_gold163_all_soma_sort_pixelsize/254/consensus.swc, 1730.00000000, 9.77568194, 3.00000000, 126.00000000, 257.00000000, 132.00000000, 368.26099014, 335.38000488, 138.32599449, 1.18888724, 3188.56799318, 11862.23289686, 4290.89235984, 397.40983647, 767.45174092, 22.00000000, 0.96512535, 5.72762646, 0.80655999, 100.04987191, 98.08176543, 32281.00000000, 684004887.77072644, 40464532537174448.00000000, 619973090871234892136448.00000000, -0.06780912, -0.47721134, 0.00289014, 0.00112979, -0.00168768, -0.00185283, 0.02219952, -0.01434333, 0.03930385, 0.59495345
/home/linusmg/Data/bigneuron/Both_GS_and_auto/0401_gold163_all_soma_sort_pixelsize/255/consensus.swc, 3557.00000000, 7.76345376, 2.00000000, 316.00000000, 662.00000000, 347.00000000, 251.34799957, 303.21102905, 171.26249814, 1.07769301, 6439.20523544, 21465.63693084, 7125.22778416, 288.74875541, 537.71060044, 40.00000000, 0.96147768, 4.37160121, 0.81130888, 103.10871716, 99.28595882, 65339.00000000, 772706421.79526734, 113235088773355008.00000000, 2675248503693725587734528.00000000, -0.01356831, -0.08763810, 0.00010804, 0.00004085, -0.00006538, -0.00009605, 0.00207800, -0.00112414, 0.00361249, 0.53906748
/home/linusmg/Data/bigneuron/Both_GS_and_auto/0401_gold163_all_soma_sort_pixelsize/256/consensus.swc, 2280.00000000, 3.14159265, 2.00000000, 135.00000000, 276.00000000, 142.00000000, 467.55400848, 269.54201508, 82.25860046, 1.39041353, 4255.16780130, 18797.23798706, 7509.53062545, 285.41404956, 319.89292609, 23.00000000, 0.98242909, 7.25724638, 0.81065560, 95.77675255, 90.17279515, 42895.00000000, 610803415.11784053, 65191620059682264.00000000, 622537400429580352749568.00000000, -0.00490399, -0.06028482, 0.00002135, 0.00000862, -0.00000081, -0.00001663, 0.00064605, -0.00100891, 0.00419906, 0.69542606
/home/linusmg/Data/bigneuron/Both_GS_and_auto/0401_gold163_all_soma_sort_pixelsize/257/consensus.swc, 22.00000000, 2.47728410, 2.00000000, 1.00000000, 2.00000000, 2.00000000, 30.89099121, 18.76800537, 6.36999965, 0.89585018, 38.58076786, 115.48451890, 28.41731039, 36.38072469, 38.19872807, 1.00000000, 0.97620335, 9.50000000, 0.87500000, 177.09995292, 147.19788503, 390.00000000, 45829.62043705, 31974985.24707645, 668489958.35272217, -0.00758883, -0.01029738, 0.00001192, 0.00000198, -0.00000289, 0.00000107, 0.00133413, -0.00066274, -0.00042647, 0.46810691
/home/linusmg/Data/bigneuron/Both_GS_and_auto/0401_gold163_all_soma_sort_pixelsize/258/consensus.swc, 2616.00000000, 1.56588274, 2.00000000, 308.00000000, 642.00000000, 335.00000000, 461.92602539, 224.84480286, 200.08099937, 1.27267996, 4578.81205914, 18501.10938403, 7353.79349489, 500.73282235, 792.99632338, 73.00000000, 0.98110099, 3.07320872, 0.74794522, 98.55831835, 96.00656592, 46428.00000000, 1336097896.61475658, 110664633029107312.00000000, 1443675528814564875436032.00000000, -0.04124615, -0.26574348, 0.00104905, 0.00038699, -0.00062764, -0.00054577, 0.01505918, -0.00909787, 0.02276445, 0.63647492
/home/linusmg/Data/bigneuron/Both_GS_and_auto/0401_gold163_all_soma_sort_pixelsize/259/consensus.swc, 764.00000000, 10.47493670, 4.00000000, 99.00000000, 206.00000000, 108.00000000, 413.34503174, 70.92000580, 118.02499771, 1.39934845, 1295.74902097, 5865.46957588, 2400.14996986, 324.32642941, 425.12122933, 52.00000000, 0.96864021, 2.70388350, 0.73401926, 97.88840708, 94.71767456, 13146.00000000, 249730359.03445396, 2068347966520171.25000000, 3174432466663036682240.00000000, -0.04429522, -0.25830642, 0.00127249, 0.00040937, -0.00070858, -0.00049533, 0.01967364, -0.01133006, 0.02705020, 0.70086925
/home/linusmg/Data/bigneuron/Both_GS_and_auto/0401_gold163_all_soma_sort_pixelsize/25/consensus.swc, 768.00000000, 8.71966643, 2.00000000, 185.00000000, 377.00000000, 193.00000000, 92.64750385, 40.48739910, 58.22700500, 1.27662275, 1124.17772135, 4581.63280111, 1786.60486740, 100.14466587, 154.95101107, 35.00000000, 0.98747286, 1.03448276, 0.73361227, 102.33451361, 101.35284963, 11490.00000000, 6991118.72634798, 9635692994183.71484375, 898596402884598784.00000000, -0.00563923, -0.02054428, 0.00002245, 0.00000269, 0.00000040, -0.00000194, 0.00030246, -0.00045002, -0.00030852, 0.63939601
/home/linusmg/Data/bigneuron/Both_GS_and_auto/0401_gold163_all_soma_sort_pixelsize/260/consensus.swc, 6449.00000000, 9.62112750, 3.00000000, 505.00000000, 1037.00000000, 533.00000000, 911.56298065, 638.59297180, 176.29950809, 1.24774683, 11851.08247772, 46588.01314523, 16609.89237345, 666.87278584, 1185.86136229, 100.00000000, 0.97549770, 5.21793635, 0.79616771, 103.75182461, 101.41106982, 119871.00000000, 8117612796.65912533, 11177441675157813248.00000000, 588356026185510330327629824.00000000, -0.17071573, -1.01929267, 0.01815888, 0.00608653, -0.00995362, -0.00845853, 0.04794901, -0.02525701, 0.06131886, 0.62400909
/home/linusmg/Data/bigneuron/Both_GS_and_auto/0401_gold163_all_soma_sort_pixelsize/261/consensus.swc, 5640.00000000, 10.47493670, 2.00000000, 989.00000000, 2165.00000000, 1177.00000000, 200.76300049, 223.99398804, 84.85770035, 1.24025411, 9150.76388207, 35193.41657328, 12911.79625005, 251.06951695, 563.36974549, 134.00000000, 0.98384756, 1.60461894, 0.77137917, 97.66025192, 96.12641043, 93532.00000000, 279526773.05064636, 17282389477604986.00000000, 230865555537164429688832.00000000, -0.00271443, -0.06959013, 0.00000170, 0.00000437, -0.00000108, -0.00000457, 0.00017332, -0.00036569, 0.00350756, 0.62028893
/home/linusmg/Data/bigneuron/Both_GS_and_auto/0401_gold163_all_soma_sort_pixelsize/262/consensus.swc, 1421.00000000, 1.70178818, 3.00000000, 160.00000000, 326.00000000, 167.00000000, 508.41796875, 106.54100800, 126.46099854, 1.49580966, 2454.28841551, 11834.83641483, 4876.87773308, 470.63155706, 721.37588608, 53.00000000, 0.97329144, 3.35582822, 0.78038375, 88.86610172, 84.92176708, 24861.00000000, 974872375.46585846, 28080725868526676.00000000, 154423041138746598621184.00000000, -0.06233998, -0.54403673, 0.00233402, 0.00119030, -0.00164765, -0.00227201, 0.02572181, -0.01849634, 0.05537255, 0.74816380
/home/linusmg/Data/bigneuron/Both_GS_and_auto/0401_gold163_all_soma_sort_pixelsize/263/consensus.swc, 864.00000000, 7.82282910, 2.00000000, 89.00000000, 195.00000000, 107.00000000, 479.04000854, 107.17999268, 58.77198792, 1.43538015, 1516.98043325, 6788.56215112, 2789.77599281, 439.93348219, 635.80419160, 43.00000000, 0.98887809, 3.42564103, 0.92281636, 100.02162409, 99.94998345, 15580.00000000, 354395444.57364583, 2427987618377389.50000000, 2047889261109280505856.00000000, -0.75103574, -6.15686571, 0.33662811, 0.16245002, -0.23360332, -0.29889291, 0.33250853, -0.23124034, 0.66820365, 0.71860327
/home/linusmg/Data/bigneuron/Both_GS_and_auto/0401_gold163_all_soma_sort_pixelsize/264/consensus.swc, 5649.00000000, 7.76345376, 2.00000000, 833.00000000, 1806.00000000, 974.00000000, 326.52302551, 223.66500092, 158.19300079, 1.19300957, 9497.88141491, 35054.94295416, 12801.67954103, 275.88471324, 621.80943015, 86.00000000, 0.98327850, 2.12735327, 0.79250492, 97.67283653, 95.91679620, 97098.00000000, 373611177.13263148, 38239485119243712.00000000, 1116009558082607711780864.00000000, -0.00885969, -0.01268068, 0.00003802, 0.00000142, -0.00000251, 0.00000086, 0.00032121, -0.00011968, -0.00010152, 0.59664393
/home/linusmg/Data/bigneuron/Both_GS_and_auto/0401_gold163_all_soma_sort_pixelsize/265/consensus.swc, 928.00000000, 2.41078273, 2.00000000, 219.00000000, 457.00000000, 239.00000000, 66.56100082, 97.26900291, 23.51009059, 0.89639553, 1289.47918568, 3678.47987932, 1061.42341938, 56.33515039, 97.01929599, 50.00000000, 0.98430592, 1.02844639, 0.74913424, 100.94241209, 95.70177935, 13252.00000000, 6632264.84785408, 10105745584175.81835938, 1500668456140757248.00000000, -0.00199599, -0.00720706, 0.00000073, 0.00000030, -0.00000035, 0.00000002, 0.00020042, -0.00003743, 0.00025169, 0.44866975
/home/linusmg/Data/bigneuron/Both_GS_and_auto/0401_gold163_all_soma_sort_pixelsize/266/consensus.swc, 2519.00000000, 8.04247743, 3.00000000, 817.00000000, 1700.00000000, 884.00000000, 95.31699753, 106.44599533, 21.95100021, 1.13126826, 2857.98315945, 10701.80048635, 3699.15713941, 68.95057744, 210.13048155, 99.00000000, 0.99059503, 0.48117647, 0.78055803, 102.16768432, 101.96164480, 29714.00000000, 22736547.48436180, 129012517896453.32812500, 23156329387205812224.00000000, -0.00194291, -0.00309501, 0.00000209, 0.00000020, -0.00000043, -0.00000016, 0.00032921, -0.00004615, 0.00010465, 0.56595172
/home/linusmg/Data/bigneuron/Both_GS_and_auto/0401_gold163_all_soma_sort_pixelsize/267/consensus.swc, 28.00000000, 5.47623319, 1.00000000, 5.00000000, 11.00000000, 6.00000000, 24.00699615, 10.37660217, 10.51900005, 1.03424207, 38.30514493, 132.12701333, 40.53329917, 19.88639534, 26.41139859, 5.00000000, 0.98309180, 1.45454545, 0.83621794, 104.75387916, 107.60048226, 393.00000000, 22068.43694086, 14255801.32896979, 1799134850.91395569, -0.01368097, -0.08468475, 0.00010505, 0.00004048, -0.00006324, -0.00009677, 0.00299302, -0.00208673, 0.00518465, 0.54069746
/home/linusmg/Data/bigneuron/Both_GS_and_auto/0401_gold163_all_soma_sort_pixelsize/268/consensus.swc, 1177.00000000, 4.90873852, 3.00000000, 268.00000000, 562.00000000, 295.00000000, 142.00099584, 100.96300507, 38.17810178, 1.09304000, 1680.76926884, 6072.28222182, 2216.79027010, 84.65768906, 99.89984180, 34.00000000, 0.98058782, 1.09252669, 0.73207395, 98.12913204, 95.78394027, 17250.00000000, 23948439.33636447, 127528528419450.96875000, 80189955988034977792.00000000, -0.01823137, -0.02758840, 0.00021881, 0.00001360, -0.00004568, -0.00000919, 0.00425902, -0.00100192, 0.00012486, 0.54705101
/home/linusmg/Data/bigneuron/Both_GS_and_auto/0401_gold163_all_soma_sort_pixelsize/269/consensus.swc, 1035.00000000, 2.13306602, 2.00000000, 323.00000000, 669.00000000, 347.00000000, 62.98290062, 85.04389668, 18.29100037, 0.89982967, 1181.62688939, 3599.25645126, 1123.27535252, 55.09067676, 80.92707420, 52.00000000, 0.98959936, 0.54559043, 0.73987776, 98.53774557, 95.46532225, 12283.00000000, 6736538.41793061, 7006727105110.70898438, 534248871260362880.00000000, -0.01315352, -0.03855713, 0.00011603, 0.00001591, -0.00002758, -0.00001321, 0.00393452, -0.00126049, 0.00309957, 0.45031290
/home/linusmg/Data/bigneuron/Both_GS_and_auto/0401_gold163_all_soma_sort_pixelsize/270/consensus.swc, 3.00000000, 0.78539816, 2.00000000, 1.00000000, 2.00000000, 2.00000000, 2.33899689, 2.04299927, 0.09599972, 0.33333333, 3.29824022, 5.18086362, 0.64760795, 1.88004996, 1.88004996, 1.00000000, 1.00000000, 0.00000000, 1.00000000, 140.35225542, 140.35225542, 34.00000000, 26.01134339, 20.80348869, -0.00000000, -0.00216842, -0.00339419, 0.00523030, 0.00000020, 0.00000795, 0.00000000, -0.02134662, -0.00024074, -0.00006717, 0.25000000
/home/linusmg/Data/bigneuron/Both_GS_and_auto/0401_gold163_all_soma_sort_pixelsize/271/consensus.swc, 1078.00000000, 3.14159265, 2.00000000, 216.00000000, 446.00000000, 231.00000000, 116.97199631, 113.03900719, 19.55310071, 1.09181865, 1598.75551074, 5741.97265318, 2004.39376715, 112.57034693, 180.73292905, 35.00000000, 0.98258416, 1.41479821, 0.74785557, 93.74878997, 89.52203892, 16335.00000000, 19329512.94338641, 66185716945539.56250000, 11642275924961169408.00000000, -0.03807618, -0.12340956, 0.00097663, 0.00015695, -0.00029726, -0.00015680, 0.01189973, -0.00439849, 0.00730072, 0.54637315
/home/linusmg/Data/bigneuron/Both_GS_and_auto/0401_gold163_all_soma_sort_pixelsize/272/consensus.swc, 186.00000000, 1.39347231, 2.00000000, 38.00000000, 76.00000000, 39.00000000, 34.70699310, 40.90100098, 7.05530000, 1.10781350, 287.70093392, 1023.19494655, 318.68936255, 37.52802826, 111.65186403, 19.00000000, 0.97633031, 1.43421053, 0.74549930, 107.96594356, 109.51546622, 2946.00000000, 439149.66414290, 47691374300.40387726, 400832411253201.12500000, -0.00038363, -0.00478042, 0.00000221, 0.00000005, 0.00000017, -0.00000015, -0.00041424, -0.00003150, 0.00005498, 0.55569707
/home/linusmg/Data/bigneuron/Both_GS_and_auto/0401_gold163_all_soma_sort_pixelsize/273/consensus.swc, 836.00000000, 4.52389378, 2.00000000, 47.00000000, 97.00000000, 51.00000000, 282.35498810, 225.73800659, 94.80000092, 1.47771986, 1549.56291453, 7255.04363891, 2889.03135117, 224.29926473, 338.42943627, 20.00000000, 0.97972361, 7.60824742, 0.82225228, 107.25178216, 96.85731768, 15648.00000000, 110658335.07674351, 2271407631165156.00000000, 12518814273010950733824.00000000, -0.12125307, -0.27319375, 0.01093815, 0.00093104, -0.00196798, -0.00044081, 0.02749652, -0.00874108, -0.00200208, 0.73957763
/home/linusmg/Data/bigneuron/Both_GS_and_auto/0401_gold163_all_soma_sort_pixelsize/274/consensus.swc, 382.00000000, 7.06858347, 2.00000000, 15.00000000, 30.00000000, 16.00000000, 69.83300781, 141.40100098, 144.88357460, 1.77545565, 731.84333589, 4102.39505549, 1905.19803543, 149.44472745, 185.36807414, 10.00000000, 0.97572236, 11.70000000, 0.89732119, 80.71024199, 78.15227009, 7385.00000000, 24386187.13510162, 145975156955038.59375000, 167763213855454953472.00000000, -0.02400847, -0.02946540, 0.00013144, 0.00001299, -0.00001375, -0.00000067, 0.00187841, 0.00005923, 0.00141450, 0.88969118
/home/linusmg/Data/bigneuron/Both_GS_and_auto/0401_gold163_all_soma_sort_pixelsize/275/consensus.swc, 180.00000000, 5.08304629, 2.00000000, 16.00000000, 33.00000000, 18.00000000, 106.86700439, 99.37199402, 17.13330078, 1.18638527, 316.29067375, 1173.66649233, 401.47209421, 107.51792638, 135.00986890, 8.00000000, 0.96577192, 4.42424242, 0.78249986, 111.57770089, 96.95666447, 3211.00000000, 5025201.46192634, 910075154962.87792969, 19589986182332480.00000000, -0.13471218, -1.13931727, 0.01085845, 0.00539646, -0.00761083, -0.00948819, 0.06039848, -0.04270510, 0.12522438, 0.59672597
/home/linusmg/Data/bigneuron/Both_GS_and_auto/0401_gold163_all_soma_sort_pixelsize/276/consensus.swc, 55.00000000, 3.14159265, 2.00000000, 8.00000000, 16.00000000, 9.00000000, 36.24800110, 30.60499573, 8.87139893, 1.06784590, 90.74347749, 311.34683346, 93.93191884, 25.91091800, 34.24455715, 6.00000000, 0.96359206, 2.37500000, 0.85231193, 105.69225722, 102.80712161, 924.00000000, 105682.45001340, 1809468704.35305786, 4111035891302.86035156, -0.02427465, -0.03391322, 0.00031497, 0.00002057, -0.00004125, -0.00001445, 0.00443628, -0.00068216, 0.00015359, 0.54301386
/home/linusmg/Data/bigneuron/Both_GS_and_auto/0401_gold163_all_soma_sort_pixelsize/277/consensus.swc, 103.00000000, 4.90873852, 2.00000000, 21.00000000, 44.00000000, 24.00000000, 21.01710129, 93.44500351, 12.96800041, 0.96319229, 151.78661035, 492.22073108, 146.26695282, 69.87292805, 74.54747413, 14.00000000, 0.98345656, 1.31818182, 0.82582162, 108.07215666, 104.15487971, 1544.00000000, 951868.81371314, 23834733447.05032349, 94776976552639.81250000, -0.06070548, -0.41806508, 0.00215672, 0.00089106, -0.00137819, -0.00149390, 0.02643142, -0.01702441, 0.04489641, 0.48766411
/home/linusmg/Data/bigneuron/Both_GS_and_auto/0401_gold163_all_soma_sort_pixelsize/278/consensus.swc, 703.00000000, 5.19555347, 2.00000000, 146.00000000, 301.00000000, 156.00000000, 132.73699951, 145.05100679, 15.90170002, 1.13154737, 1060.41445132, 3878.15765052, 1296.64970640, 124.79064499, 350.90737409, 44.00000000, 0.98583826, 1.33222591, 0.76882962, 108.20133991, 105.76707500, 10836.00000000, 12037940.97971994, 16801102654425.11718750, 4036194591061832192.00000000, -0.03547441, -0.07240154, 0.00095790, 0.00007957, -0.00017588, -0.00003686, 0.01089265, -0.00335393, 0.00094048, 0.56668834
/home/linusmg/Data/bigneuron/Both_GS_and_auto/0401_gold163_all_soma_sort_pixelsize/279/consensus.swc, 526.00000000, 3.73252646, 2.00000000, 94.00000000, 196.00000000, 103.00000000, 121.13599777, 101.74000168, 13.71316642, 1.19339983, 800.65838074, 3118.18441552, 1114.12366786, 81.50956136, 98.47890447, 18.00000000, 0.98016949, 1.67857143, 0.80216178, 104.34182513, 99.21128640, 8169.00000000, 8922562.39474066, 14550903822550.70703125, 825377480779115520.00000000, -0.00712057, -0.02681475, 0.00002329, 0.00000463, -0.00000606, -0.00000173, 0.00131578, -0.00019129, 0.00183861, 0.59773603
/home/linusmg/Data/bigneuron/Both_GS_and_auto/0401_gold163_all_soma_sort_pixelsize/280/consensus.swc, 1065.00000000, 11.12728206, 2.00000000, 52.00000000, 108.00000000, 57.00000000, 373.00897217, 226.81700706, 11.43999982, 1.56390761, 2002.70915588, 9930.99437265, 4500.78944129, 295.35213358, 341.13896530, 24.00000000, 0.98697545, 8.85185185, 0.78402173, 102.22491689, 94.93866456, 20254.00000000, 176722449.04936150, 7393604015801033.00000000, 201683988523332861952.00000000, -0.03496113, -0.08074660, 0.00082392, 0.00006982, -0.00013134, 0.00002409, 0.00836806, -0.00076033, 0.00315658, 0.78283737
/home/linusmg/Data/bigneuron/Both_GS_and_auto/0401_gold163_all_soma_sort_pixelsize/281/consensus.swc, 2560.00000000, 5.94821654, 5.00000000, 141.00000000, 288.00000000, 148.00000000, 605.76296973, 484.91698730, 9.56499958, 1.19313714, 4797.87975367, 18235.97344792, 6285.95566998, 339.96870260, 833.49504952, 35.00000000, 0.97552813, 7.88541667, 0.78442371, 99.14477742, 96.85441936, 48355.00000000, 1763803244.36594605, 614390390023791744.00000000, 55488518815916109070336.00000000, -0.03718909, -0.01883981, 0.00120722, 0.00001883, -0.00003995, 0.00000541, 0.00929924, 0.00082235, 0.00124074, 0.59683732
/home/linusmg/Data/bigneuron/Both_GS_and_auto/0401_gold163_all_soma_sort_pixelsize/282/consensus.swc, 827.00000000, 7.76345376, 2.00000000, 19.00000000, 39.00000000, 21.00000000, 315.93299866, 184.51797713, 11.61000001, 1.06318123, 1614.23834665, 5395.58947279, 1645.40599987, 227.49478016, 264.25246089, 7.00000000, 0.94887282, 20.17948718, 0.83770131, 92.14548593, 77.55089530, 16267.00000000, 120251123.23375204, 2845111047463752.00000000, 115688037313008697344.00000000, -0.02684022, -0.08253919, 0.00046462, 0.00006274, -0.00011407, -0.00002049, 0.00761153, -0.00250190, 0.00133363, 0.53254104
/home/linusmg/Data/bigneuron/Both_GS_and_auto/0401_gold163_all_soma_sort_pixelsize/283/consensus.swc, 4160.00000000, 11.19834538, 4.00000000, 269.00000000, 553.00000000, 285.00000000, 604.93097121, 604.66402876, 39.99000168, 1.37069496, 7740.15038971, 33292.28301357, 13602.38938706, 475.66864123, 818.21058286, 48.00000000, 0.96884801, 6.52079566, 0.80272506, 96.40691435, 94.08981002, 78209.00000000, 3338331656.92641830, 2718446110210717184.00000000, 13440211987779231340822528.00000000, -0.02987309, -0.04422959, 0.00070690, 0.00004212, -0.00008741, -0.00002511, 0.00725761, -0.00028157, 0.00073632, 0.68557440
/home/linusmg/Data/bigneuron/Both_GS_and_auto/0401_gold163_all_soma_sort_pixelsize/284/consensus.swc, 1092.00000000, 7.43126137, 3.00000000, 29.00000000, 60.00000000, 32.00000000, 467.13198853, 213.44799805, 11.02500001, 1.10003249, 2112.99128094, 7279.85241607, 2333.44250319, 286.27658174, 362.01287955, 13.00000000, 0.96707405, 17.18333333, 0.85411939, 104.11784688, 91.19922897, 21335.00000000, 330611386.59151465, 16216961103635378.00000000, 1189026407129869713408.00000000, -0.02993230, -0.12013395, 0.00059502, 0.00012222, -0.00021936, -0.00014071, 0.00830714, -0.00310298, 0.00495556, 0.55072046
/home/linusmg/Data/bigneuron/Both_GS_and_auto/0401_gold163_all_soma_sort_pixelsize/285/consensus.swc, 1982.00000000, 12.56637061, 5.00000000, 88.00000000, 182.00000000, 95.00000000, 495.84300232, 282.48198736, 13.42180876, 1.40094174, 3769.09937640, 16602.08510261, 7300.27985589, 325.22091050, 362.87463887, 17.00000000, 0.98039740, 9.88461538, 0.76362443, 95.89431162, 90.05588046, 38096.00000000, 603360656.89426422, 78299395312947312.00000000, 9668964041704450555904.00000000, -0.03056285, -0.03554786, 0.00076571, 0.00003400, -0.00007033, -0.00001522, 0.00923349, -0.00134267, 0.00207263, 0.70097541
/home/linusmg/Data/bigneuron/Both_GS_and_auto/0401_gold163_all_soma_sort_pixelsize/286/consensus.swc, 1686.00000000, 12.56637061, 2.00000000, 69.00000000, 140.00000000, 72.00000000, 496.21901703, 254.33399659, 12.05000019, 1.25141009, 3212.93678908, 12628.61886840, 4937.18444771, 320.88322935, 393.15641628, 17.00000000, 0.97584127, 11.03571429, 0.78290551, 98.42183014, 89.25791663, 32425.00000000, 436342786.36627990, 43045500274795840.00000000, 5027973233358679310336.00000000, -0.02272561, -0.06129923, 0.00034772, 0.00003957, -0.00007425, -0.00001230, 0.00620631, -0.00142841, 0.00254015, 0.62629816
/home/linusmg/Data/bigneuron/Both_GS_and_auto/0401_gold163_all_soma_sort_pixelsize/287/consensus.swc, 1219.00000000, 11.05644634, 3.00000000, 141.00000000, 295.00000000, 155.00000000, 212.38800049, 215.43001175, 9.52578029, 1.50403331, 2084.72811660, 10206.17409823, 4421.13769908, 197.14333895, 238.54841815, 30.00000000, 0.98038812, 3.12881356, 0.72633488, 94.38022939, 89.31086102, 21099.00000000, 96769319.73364858, 2251578588303012.75000000, 59537932690488442880.00000000, -0.06629340, -0.01197265, 0.00398855, 0.00002250, -0.00004829, 0.00000248, 0.01921915, -0.00050030, 0.00034121, 0.75278614
/home/linusmg/Data/bigneuron/Both_GS_and_auto/0401_gold163_all_soma_sort_pixelsize/288/consensus.swc, 3324.00000000, 8.71966643, 2.00000000, 211.00000000, 426.00000000, 216.00000000, 612.89099707, 539.83049774, 8.88746256, 1.21812051, 6168.69954130, 23784.53259035, 8160.84938867, 358.07860738, 851.94971187, 40.00000000, 0.96988377, 6.80046948, 0.80518260, 98.37502400, 93.75272276, 62210.00000000, 2379626456.26953840, 1283442440337862144.00000000, 151947959553732569464832.00000000, -0.03924156, -0.04308996, 0.00124401, 0.00004379, -0.00008955, 0.00001575, 0.01100891, -0.00104234, 0.00086459, 0.60931086
/home/linusmg/Data/bigneuron/Both_GS_and_auto/0401_gold163_all_soma_sort_pixelsize/289/consensus.swc, 1691.00000000, 9.38074588, 6.00000000, 128.00000000, 265.00000000, 138.00000000, 476.20300484, 275.14000320, 13.71801662, 1.32837426, 3110.88033954, 13066.51046381, 5245.05976710, 278.69717829, 341.01671693, 32.00000000, 0.98596271, 5.37735849, 0.75964481, 98.39224373, 99.48257712, 31477.00000000, 394242290.67289549, 36356335331909824.00000000, 2304473497157002592256.00000000, -0.04007728, -0.33837164, 0.00049935, 0.00034852, -0.00039429, -0.00033029, 0.00647210, -0.00500849, 0.01302253, 0.66469807
/home/linusmg/Data/bigneuron/Both_GS_and_auto/0401_gold163_all_soma_sort_pixelsize/290/consensus.swc, 1973.00000000, 7.43126137, 2.00000000, 35.00000000, 70.00000000, 36.00000000, 453.77497864, 468.49402618, 7.61298388, 1.04169971, 3864.08209027, 12637.72139708, 3722.92460712, 326.35908138, 398.74165715, 12.00000000, 0.93527029, 27.17142857, 0.89526527, 94.14217114, 90.92897110, 38999.00000000, 1071566135.71240890, 286070971308617312.00000000, 22065983799522882486272.00000000, -0.00825537, -0.05319506, 0.00003591, 0.00001402, -0.00002145, -0.00001815, 0.00134515, -0.00062118, 0.00174277, 0.52123962
/home/linusmg/Data/bigneuron/Both_GS_and_auto/0401_gold163_all_soma_sort_pixelsize/291/consensus.swc, 666.00000000, 12.56637061, 3.00000000, 93.00000000, 190.00000000, 98.00000000, 181.85700989, 83.82899964, 10.00669960, 1.47918841, 1082.63750629, 5254.19621943, 2219.47169014, 108.59470773, 127.53341257, 19.00000000, 0.98019930, 2.50000000, 0.75257052, 101.37787059, 92.69662297, 11024.00000000, 22939236.25482200, 88064765651075.53125000, 1777151953276227584.00000000, -0.00265990, -0.00741011, 0.00000326, 0.00000046, -0.00000078, 0.00000020, 0.00065784, -0.00025303, -0.00013811, 0.74109571
/home/linusmg/Data/bigneuron/Both_GS_and_auto/0401_gold163_all_soma_sort_pixelsize/29/consensus.swc, 407.00000000, 8.16356662, 3.00000000, 81.00000000, 166.00000000, 86.00000000, 83.51300049, 62.98900604, 71.61900330, 1.42667546, 635.13537702, 2929.29650197, 1229.95363748, 85.48284847, 171.52309387, 28.00000000, 0.98040340, 1.44578313, 0.72478040, 96.48362156, 96.57738255, 6480.00000000, 3882120.00544888, 3832162439364.71826172, 328593513361006080.00000000, -0.06224024, -0.15508196, 0.00240136, 0.00016376, -0.00034738, 0.00010642, 0.01039449, -0.00171426, -0.00046193, 0.71531807
/home/linusmg/Data/bigneuron/Both_GS_and_auto/0401_gold163_all_soma_sort_pixelsize/30/consensus.swc, 135.00000000, 11.46084376, 3.00000000, 24.00000000, 53.00000000, 30.00000000, 29.87199402, 101.78298950, 42.31800079, 1.40865010, 209.05336162, 971.81445600, 426.82358803, 82.02472593, 95.57996963, 8.00000000, 0.98900632, 1.52830189, 0.67007818, 91.50416644, 92.53219244, 2126.00000000, 1959308.72708047, 186094387698.67764282, 1433311836917264.00000000, -0.07259642, -0.60072995, 0.00335092, 0.00156216, -0.00226800, -0.00280162, 0.02749120, -0.01932321, 0.05542568, 0.71139912
/home/linusmg/Data/bigneuron/Both_GS_and_auto/0401_gold163_all_soma_sort_pixelsize/31/consensus.swc, 182.00000000, 6.82566275, 3.00000000, 24.00000000, 49.00000000, 26.00000000, 52.54430389, 74.45019722, 63.28999329, 1.62024625, 305.27683012, 1610.14567552, 737.66711533, 87.49973772, 139.96296780, 13.00000000, 0.97814096, 2.69387755, 0.78017702, 97.25838925, 87.91631245, 3092.00000000, 3391019.42746425, 1909674049056.55346680, 265444287698214272.00000000, -0.02480209, -0.01212344, 0.00040892, 0.00000315, -0.00001672, 0.00000276, 0.00297636, -0.00025237, -0.00013226, 0.81417258
/home/linusmg/Data/bigneuron/Both_GS_and_auto/0401_gold163_all_soma_sort_pixelsize/32/consensus.swc, 337.00000000, 12.56637061, 2.00000000, 73.00000000, 152.00000000, 80.00000000, 54.18400574, 68.16500092, 36.07599640, 1.14759524, 496.09659019, 1760.02100084, 638.34659733, 77.84814382, 105.49000505, 24.00000000, 0.98301875, 1.21052632, 0.71106839, 104.22007392, 101.28531913, 5080.00000000, 2185273.96675962, 1022923929853.73901367, 26935640625580256.00000000, -0.09043996, -0.58216212, 0.00535164, 0.00188200, -0.00308810, -0.00375587, 0.01411195, -0.00770518, 0.01873735, 0.57676498
/home/linusmg/Data/bigneuron/Both_GS_and_auto/0401_gold163_all_soma_sort_pixelsize/34/consensus.swc, 114.00000000, 9.51148602, 2.00000000, 15.00000000, 31.00000000, 17.00000000, 17.53299713, 30.15820312, 71.66800690, 1.42531516, 196.69250724, 907.41331848, 371.54200940, 62.13574715, 113.76095888, 11.00000000, 0.97813797, 2.64516129, 0.69846071, 102.30314932, 98.01510750, 1993.00000000, 1050492.48146993, 83068244210.37194824, 693038892780441.00000000, -0.02956799, -0.07695030, 0.00064685, 0.00005693, -0.00014128, -0.00009407, 0.00691738, -0.00292039, 0.00172504, 0.72028916
/home/linusmg/Data/bigneuron/Both_GS_and_auto/0401_gold163_all_soma_sort_pixelsize/37/consensus.swc, 127.00000000, 11.67787762, 2.00000000, 26.00000000, 54.00000000, 29.00000000, 29.02698183, 29.38090515, 76.97699738, 1.37559367, 192.42633096, 870.03841196, 378.46368867, 76.99585584, 102.51106120, 13.00000000, 0.98643456, 1.33333333, 0.70691314, 99.92489890, 100.33339461, 1961.00000000, 957507.70710415, 87855092045.79426575, 1622911108841860.00000000, -0.06782674, -0.50631170, 0.00198483, 0.00091718, -0.00128081, -0.00277773, 0.01447906, -0.01125578, 0.03497332, 0.69538739
/home/linusmg/Data/bigneuron/Both_GS_and_auto/0401_gold163_all_soma_sort_pixelsize/38/consensus.swc, 150.00000000, 11.46084376, 3.00000000, 15.00000000, 37.00000000, 23.00000000, 39.02870178, 39.55700684, 101.99599075, 1.20742822, 253.76844112, 990.85465671, 391.94474345, 72.50731375, 93.37204668, 9.00000000, 0.97180345, 3.02702703, 0.75436677, 99.59014508, 106.37206841, 2574.00000000, 2223966.46451698, 528784925305.08544922, 11187809299847072.00000000, -0.02117801, -0.02480244, 0.00037025, 0.00001342, -0.00003039, -0.00000450, 0.00229618, -0.00102329, -0.00121633, 0.61008078
/home/linusmg/Data/bigneuron/Both_GS_and_auto/0401_gold163_all_soma_sort_pixelsize/39/consensus.swc, 139.00000000, 2.64362087, 1.00000000, 18.00000000, 40.00000000, 22.00000000, 38.69200134, 59.21200562, 26.69759369, 1.22193941, 232.91503735, 905.80821485, 323.86323429, 70.51086948, 82.58551386, 10.00000000, 0.97290614, 2.45000000, 0.74052918, 115.52992998, 113.23270256, 2364.00000000, 734052.42334694, 110568065294.55436707, 3149649337254521.50000000, -0.08923802, -0.37737619, 0.00557939, 0.00118925, -0.00222542, -0.00136327, 0.02168771, -0.01079758, 0.02263519, 0.61426944
/home/linusmg/Data/bigneuron/Both_GS_and_auto/0401_gold163_all_soma_sort_pixelsize/40/consensus.swc, 286.00000000, 5.30929120, 2.00000000, 62.00000000, 129.00000000, 68.00000000, 104.90299606, 19.88349915, 74.44600296, 1.16005251, 431.83929249, 1642.39309359, 617.51068020, 115.90608992, 152.85955427, 25.00000000, 0.98102728, 1.20930233, 0.69898580, 98.49621660, 97.83632588, 4414.00000000, 6856734.29816157, 2553276856314.07080078, 144768695415690848.00000000, -0.00461779, -0.04982127, 0.00001439, 0.00000690, -0.00000253, -0.00001796, 0.00058261, -0.00041945, 0.00201909, 0.58229898
/home/linusmg/Data/bigneuron/Both_GS_and_auto/0401_gold163_all_soma_sort_pixelsize/41/consensus.swc, 61.00000000, 9.62112750, 2.00000000, 7.00000000, 15.00000000, 9.00000000, 36.41100311, 33.94929886, 25.21709442, 1.35406308, 102.32767944, 444.80111418, 178.88806167, 47.51778039, 76.91146920, 6.00000000, 0.97319691, 3.00000000, 0.75822097, 110.60673275, 95.60555909, 1037.00000000, 319697.33234139, 19656891575.87393188, 39576871771400.12500000, -0.06785114, -0.13106294, 0.00362734, 0.00021193, -0.00046798, 0.00016430, 0.01968815, -0.00597257, -0.00409950, 0.69137580
/home/linusmg/Data/bigneuron/Both_GS_and_auto/0401_gold163_all_soma_sort_pixelsize/43/consensus.swc, 323.00000000, 10.31492980, 2.00000000, 62.00000000, 131.00000000, 70.00000000, 42.77299881, 82.55330658, 94.71500206, 1.37617420, 492.14875442, 2212.92602318, 937.95113353, 103.96077986, 173.02862545, 19.00000000, 0.98530120, 1.45801527, 0.72618477, 100.74376784, 100.46005062, 5014.00000000, 8340632.56502278, 9722647697992.02343750, 2667451247846264320.00000000, -0.01016635, -0.02988819, 0.00004690, 0.00000828, -0.00001412, -0.00000820, 0.00024339, -0.00029517, -0.00030176, 0.69089206
/home/linusmg/Data/bigneuron/Both_GS_and_auto/0401_gold163_all_soma_sort_pixelsize/45/consensus.swc, 801.00000000, 5.84492025, 2.00000000, 179.00000000, 379.00000000, 201.00000000, 74.01699829, 102.78489685, 31.44540024, 1.28238342, 1171.33718200, 4796.48938978, 1840.06945982, 117.75114865, 152.84006002, 24.00000000, 0.98553143, 1.11081794, 0.73016859, 95.10427130, 94.75921358, 11980.00000000, 8554565.51571984, 15059510931582.95703125, 3769338552488632832.00000000, -0.03104560, -0.14206801, 0.00062443, 0.00015772, -0.00030298, -0.00024966, 0.00732952, -0.00394392, 0.00692934, 0.64204314
/home/linusmg/Data/bigneuron/Both_GS_and_auto/0401_gold163_all_soma_sort_pixelsize/47/consensus.swc, 305.00000000, 10.29217104, 2.00000000, 48.00000000, 96.00000000, 49.00000000, 67.90029907, 71.43599701, 101.39599609, 1.50722732, 506.02809921, 2478.84785801, 1093.54531578, 115.72024793, 180.00812734, 16.00000000, 0.98136055, 2.16666667, 0.76261177, 96.16740566, 88.63390970, 5145.00000000, 11039384.45166494, 18692397821800.46875000, 8212087988651543552.00000000, -0.02081048, -0.06878575, 0.00017780, 0.00004141, -0.00000360, -0.00007643, -0.00004835, -0.00240680, 0.00446033, 0.75658087
/home/linusmg/Data/bigneuron/Both_GS_and_auto/0401_gold163_all_soma_sort_pixelsize/52/consensus.swc, 359.00000000, 11.58116664, 2.00000000, 50.00000000, 106.00000000, 57.00000000, 123.65803909, 64.11000061, 42.34700775, 1.37927236, 588.00550144, 2617.72243225, 1075.54126650, 88.48013548, 143.42694815, 16.00000000, 0.98038788, 2.37735849, 0.76231068, 92.25878798, 96.22699671, 5966.00000000, 10595441.01425838, 12828211201725.99609375, 2864255334520511488.00000000, -0.00638895, -0.00984789, 0.00002428, 0.00000116, -0.00000082, -0.00000040, 0.00142149, -0.00015739, 0.00002920, 0.69231028
/home/linusmg/Data/bigneuron/Both_GS_and_auto/0401_gold163_all_soma_sort_pixelsize/53/consensus.swc, 481.00000000, 6.01758201, 2.00000000, 125.00000000, 262.00000000, 138.00000000, 68.48299408, 83.46659231, 39.39800262, 1.13526822, 671.38725719, 2488.45373331, 949.21128653, 86.55491280, 125.39734959, 25.00000000, 0.98857302, 0.83206107, 0.70883370, 96.40262487, 96.78049077, 6879.00000000, 4777115.96708645, 2214589209136.97851562, 205338795704795392.00000000, -0.25225453, -2.07011119, 0.04151991, 0.01878838, -0.02784919, -0.04190193, 0.08041585, -0.05350306, 0.15348189, 0.56907278
/home/linusmg/Data/bigneuron/Both_GS_and_auto/0401_gold163_all_soma_sort_pixelsize/54/consensus.swc, 462.00000000, 9.62112750, 3.00000000, 72.00000000, 150.00000000, 79.00000000, 109.42800903, 89.73699570, 22.64800262, 1.43749423, 759.51053893, 3491.74580494, 1496.63520238, 112.60520255, 169.58028550, 22.00000000, 0.97399620, 2.07333333, 0.74379576, 100.87299224, 97.71220987, 7714.00000000, 7650151.07291339, 7967374654722.27929688, 898865120100072320.00000000, -0.00894163, -0.01587176, 0.00005632, 0.00000428, -0.00001230, 0.00000036, 0.00254040, -0.00086058, -0.00025573, 0.72064105
/home/linusmg/Data/bigneuron/Both_GS_and_auto/0401_gold163_all_soma_sort_pixelsize/55/consensus.swc, 611.00000000, 12.56637061, 3.00000000, 102.00000000, 222.00000000, 121.00000000, 51.50100708, 75.46109772, 72.72499847, 1.18296513, 964.13123137, 3574.18896347, 1336.25830126, 52.16866473, 66.49000795, 19.00000000, 0.97920663, 1.74774775, 0.72148757, 97.76075781, 93.46914030, 9809.00000000, 6479114.39092872, 12412296942680.53125000, 6331494001842026496.00000000, -0.01516796, -0.00971826, 0.00015365, 0.00000138, 0.00000066, -0.00000012, 0.00032998, -0.00008652, -0.00021623, 0.59311923
/home/linusmg/Data/bigneuron/Both_GS_and_auto/0401_gold163_all_soma_sort_pixelsize/58/consensus.swc, 99.00000000, 10.56692272, 6.00000000, 16.00000000, 36.00000000, 21.00000000, 62.66200256, 34.43190002, 48.29400253, 1.28336182, 158.96610142, 671.49068473, 282.27134422, 70.97340088, 82.90374009, 9.00000000, 0.97690271, 1.72222222, 0.70338386, 102.89833052, 105.69524704, 1617.00000000, 955899.26855338, 16947606119.41000366, 68621193110228.00000000, -0.00250883, -0.01279183, 0.00000454, 0.00000095, -0.00000139, -0.00000218, 0.00042595, -0.00019177, 0.00044370, 0.65094354
/home/linusmg/Data/bigneuron/Both_GS_and_auto/0401_gold163_all_soma_sort_pixelsize/5/consensus.swc, 388.00000000, 11.65366254, 2.00000000, 69.00000000, 145.00000000, 77.00000000, 57.73600006, 87.43799591, 71.74700165, 1.27719124, 609.06811706, 2472.77617080, 993.97386636, 59.13100359, 88.95086620, 21.00000000, 0.97333624, 1.66896552, 0.73217158, 92.53275845, 89.56635732, 6214.00000000, 7089366.87743627, 6609228517425.96289062, 832637836199798784.00000000, -0.07355753, -0.32630057, 0.00331621, 0.00068304, -0.00139298, -0.00158395, 0.01391290, -0.00480499, 0.01298259, 0.64107758
/home/linusmg/Data/bigneuron/Both_GS_and_auto/0401_gold163_all_soma_sort_pixelsize/65/consensus.swc, 223.00000000, 5.59063998, 2.00000000, 35.00000000, 74.00000000, 40.00000000, 45.37200356, 67.50009727, 37.67699432, 1.31717940, 361.80712546, 1504.86042790, 573.19935043, 74.85907333, 92.56284545, 17.00000000, 0.97122529, 2.00000000, 0.81057029, 100.23469877, 101.89711166, 3680.00000000, 2006739.48139874, 739607484084.26733398, 49848349586188328.00000000, -0.02825071, -0.25803754, 0.00052486, 0.00024378, -0.00022712, -0.00049486, 0.00678266, -0.00487301, 0.01751634, 0.66158073
/home/linusmg/Data/bigneuron/Both_GS_and_auto/0401_gold163_all_soma_sort_pixelsize/67/consensus.swc, 371.00000000, 11.53296266, 3.00000000, 80.00000000, 172.00000000, 93.00000000, 98.55700302, 44.11000061, 34.61280060, 1.16979335, 543.74156510, 2071.94624910, 776.55069446, 98.10370987, 126.27238542, 20.00000000, 0.98492249, 1.15116279, 0.70390386, 92.40833479, 93.78133465, 5559.00000000, 3095953.56928662, 1534636849303.51123047, 138547185202068832.00000000, -0.17734536, -1.14815555, 0.02050042, 0.00725510, -0.01176755, -0.01480419, 0.03914090, -0.02176962, 0.05505541, 0.58747889
/home/linusmg/Data/bigneuron/Both_GS_and_auto/0401_gold163_all_soma_sort_pixelsize/69/consensus.swc, 270.00000000, 12.56637061, 2.00000000, 61.00000000, 131.00000000, 71.00000000, 73.68200302, 56.85999298, 49.10160828, 1.28215715, 383.74022814, 1665.05051958, 689.02235698, 65.77449861, 91.37309644, 22.00000000, 0.98311472, 1.05343511, 0.68034190, 92.53867694, 93.82275754, 3924.00000000, 3801670.78959796, 2781657311474.80175781, 75271813661422976.00000000, -0.05517291, -0.64053530, 0.00203005, 0.00123433, -0.00139475, -0.00321052, 0.00841982, -0.00795170, 0.02761652, 0.64478228
/home/linusmg/Data/bigneuron/Both_GS_and_auto/0401_gold163_all_soma_sort_pixelsize/6/consensus.swc, 134.00000000, 7.80301219, 3.00000000, 28.00000000, 58.00000000, 31.00000000, 22.61399841, 86.59500122, 32.60199738, 1.53408032, 195.48842610, 999.59846441, 454.46380356, 82.96698150, 113.67613671, 15.00000000, 0.99105636, 1.29310345, 0.70981785, 88.66627125, 90.06649440, 1995.00000000, 1616531.94416238, 256962952601.34680176, 6351776029461617.00000000, -0.14714034, -0.92865231, 0.01423588, 0.00492516, -0.00833656, -0.00840961, 0.05468388, -0.03098427, 0.07878024, 0.77292076
/home/linusmg/Data/bigneuron/Both_GS_and_auto/0401_gold163_all_soma_sort_pixelsize/74/consensus.swc, 194.00000000, 3.82902320, 3.00000000, 27.00000000, 56.00000000, 30.00000000, 88.91600037, 72.43199921, 43.71899414, 1.42039459, 324.82850508, 1515.06908472, 657.80731945, 95.97293727, 136.45596002, 15.00000000, 0.97071976, 2.44642857, 0.75903807, 83.41700966, 81.18222405, 3295.00000000, 3328787.88054269, 2090026969556.24389648, 324874664757256064.00000000, -0.03804532, -0.04721776, 0.00103444, 0.00005176, -0.00015656, -0.00000607, 0.01055317, -0.00259068, 0.00029509, 0.71304266
/home/linusmg/Data/bigneuron/Both_GS_and_auto/0401_gold163_all_soma_sort_pixelsize/76/consensus.swc, 67.00000000, 10.38335281, 2.00000000, 9.00000000, 18.00000000, 10.00000000, 34.23730469, 27.65299988, 40.97499847, 1.06110873, 108.84086503, 378.79408269, 137.95286285, 44.98288791, 59.40919198, 5.00000000, 0.93532673, 2.66666667, 0.79173435, 114.85610004, 106.88022283, 1108.00000000, 294864.75233080, 4251310438.56628799, 4053501882983.50000000, -0.03738989, -0.16220298, 0.00092388, 0.00017182, -0.00032490, -0.00032106, 0.00841244, -0.00452730, 0.00751951, 0.54412153
/home/linusmg/Data/bigneuron/Both_GS_and_auto/0401_gold163_all_soma_sort_pixelsize/77/consensus.swc, 496.00000000, 10.17875966, 3.00000000, 98.00000000, 206.00000000, 109.00000000, 49.21399689, 70.97999573, 35.22200012, 1.31701210, 763.07985631, 3201.83874292, 1246.63439011, 76.63759710, 104.13801637, 26.00000000, 0.98265335, 1.40291262, 0.72169488, 102.80758796, 101.71004469, 7781.00000000, 4149407.98781809, 2769816595065.21875000, 60550952507110016.00000000, -0.00476648, -0.01978751, 0.00001349, 0.00000304, -0.00000601, -0.00000581, 0.00078220, -0.00029685, 0.00054723, 0.66032057
/home/linusmg/Data/bigneuron/Both_GS_and_auto/0401_gold163_all_soma_sort_pixelsize/78/consensus.swc, 697.00000000, 7.88243181, 2.00000000, 102.00000000, 212.00000000, 111.00000000, 113.95950699, 128.78479958, 57.72610092, 1.30923136, 1161.10195612, 4840.29742841, 1912.88154430, 133.93335855, 251.49127733, 22.00000000, 0.96571755, 2.28301887, 0.73200555, 98.58079364, 93.30450789, 11790.00000000, 26310214.14529955, 166664781358807.34375000, 172287927694020509696.00000000, -0.08518124, -0.71163101, 0.00512085, 0.00206242, -0.00237451, -0.00339267, 0.02027564, -0.01430794, 0.04361072, 0.65575198
/home/linusmg/Data/bigneuron/Both_GS_and_auto/0401_gold163_all_soma_sort_pixelsize/7/consensus.swc, 139.00000000, 9.62112750, 2.00000000, 13.00000000, 29.00000000, 17.00000000, 52.33879852, 25.71800232, 113.80599594, 1.50908709, 241.20897135, 1180.43781921, 512.44018933, 102.53666932, 155.77513053, 10.00000000, 0.96593864, 3.75862069, 0.72703793, 114.94508061, 111.85643674, 2443.00000000, 3646677.43883900, 1272151646591.36230469, 28013223347193400.00000000, -0.05522614, -0.36806747, 0.00143881, 0.00051453, -0.00082026, -0.00160413, 0.01176959, -0.00897886, 0.02726304, 0.76083851
/home/linusmg/Data/bigneuron/Both_GS_and_auto/0401_gold163_all_soma_sort_pixelsize/84/consensus.swc, 105.00000000, 7.76345376, 2.00000000, 14.00000000, 28.00000000, 15.00000000, 58.39799881, 65.00899506, 38.17400360, 1.54495997, 173.70860294, 866.97248007, 379.09593634, 70.83050163, 92.70459631, 7.00000000, 0.97725392, 2.71428571, 0.78876715, 109.18269467, 105.44586453, 1759.00000000, 1227937.23767039, 225553085203.21688843, 3135328206743167.50000000, -0.06842223, -0.08369627, 0.00398123, 0.00015854, -0.00030078, 0.00002388, 0.01877847, -0.00457397, 0.00187915, 0.77996570
/home/linusmg/Data/bigneuron/Both_GS_and_auto/0401_gold163_all_soma_sort_pixelsize/85/consensus.swc, 289.00000000, 12.56637061, 4.00000000, 57.00000000, 124.00000000, 68.00000000, 46.68800354, 106.98669720, 42.85200500, 1.28329409, 434.22753961, 1817.56258293, 760.06385100, 105.69121907, 131.09719303, 16.00000000, 0.98493034, 1.32258065, 0.73632749, 98.65271484, 97.62294798, 4434.00000000, 5920305.94157070, 5372884070796.83300781, 384518219005757120.00000000, -0.14088240, -0.90895762, 0.01227368, 0.00444683, -0.00694429, -0.00718217, 0.04985241, -0.03046416, 0.08008758, 0.64510725
/home/linusmg/Data/bigneuron/Both_GS_and_auto/0401_gold163_all_soma_sort_pixelsize/86/consensus.swc, 309.00000000, 6.64169126, 2.00000000, 38.00000000, 80.00000000, 43.00000000, 178.53200194, 75.19009781, 89.83899689, 1.45398512, 529.12859240, 2494.10572296, 1072.63410333, 184.39822947, 233.17354105, 16.00000000, 0.98208546, 2.85000000, 0.72126546, 91.95704438, 92.01753359, 5351.00000000, 18255824.85703746, 36845471072555.83593750, 10950415401515171840.00000000, -0.26036315, -1.55687806, 0.04629829, 0.01444964, -0.02505787, -0.01809477, 0.10575557, -0.05767379, 0.14295726, 0.72934531
/home/linusmg/Data/bigneuron/Both_GS_and_auto/0401_gold163_all_soma_sort_pixelsize/8/consensus.swc, 212.00000000, 9.44600221, 2.00000000, 33.00000000, 67.00000000, 35.00000000, 48.73900223, 52.86899567, 38.57699585, 1.18023407, 341.02531615, 1244.76625694, 433.28619075, 52.50368756, 81.25724957, 15.00000000, 0.98134587, 2.14925373, 0.78509209, 104.31576822, 99.00446788, 3465.00000000, 1286917.80180922, 473831331760.03527832, 37798783289710544.00000000, -0.01960355, -0.03639277, 0.00015350, 0.00001693, -0.00004844, -0.00001396, 0.00143770, -0.00045246, 0.00053158, 0.59420666
/home/linusmg/Data/bigneuron/Both_GS_and_auto/0401_gold163_all_soma_sort_pixelsize/90/consensus.swc, 1461.00000000, 7.50877090, 2.00000000, 331.00000000, 691.00000000, 361.00000000, 68.13870049, 94.93199921, 66.92499542, 1.33153319, 2158.93351833, 9283.45493402, 3696.85937649, 90.80111121, 195.40955392, 38.00000000, 0.98620020, 1.11287988, 0.71941679, 100.57714665, 99.61319723, 22076.00000000, 25291060.55544280, 130351856879098.50000000, 140122354118777683968.00000000, -0.00283127, -0.01718698, 0.00000616, 0.00000127, -0.00000137, -0.00000094, 0.00042259, -0.00035435, 0.00025862, 0.66629568
/home/linusmg/Data/bigneuron/Both_GS_and_auto/0401_gold163_all_soma_sort_pixelsize/91/consensus.swc, 131.00000000, 7.29658816, 2.00000000, 21.00000000, 47.00000000, 27.00000000, 36.87699890, 35.15399933, 88.31199646, 1.39594006, 208.89252724, 980.02526946, 425.03105227, 87.28070175, 137.72641749, 11.00000000, 0.97928185, 1.76595745, 0.65307819, 105.95263420, 108.70426037, 2126.00000000, 2083924.49259214, 335184905667.24804688, 6487333633883224.00000000, -0.06712886, -0.56535857, 0.00158574, 0.00105715, -0.00111811, -0.00346157, 0.01251573, -0.01467615, 0.04606030, 0.70378682
/home/linusmg/Data/bigneuron/Both_GS_and_auto/0401_gold163_all_soma_sort_pixelsize/92/consensus.swc, 238.00000000, 5.98284901, 3.00000000, 37.00000000, 76.00000000, 40.00000000, 70.24070358, 93.06199646, 63.70800018, 1.41438181, 390.61684710, 1852.05869335, 814.06654282, 95.73743390, 155.40091139, 13.00000000, 0.98413189, 2.11842105, 0.67183448, 90.67241145, 88.33266376, 3972.00000000, 5034290.49605274, 4559192769708.53027344, 1072050330024029184.00000000, -0.01605731, -0.03935890, 0.00020185, 0.00001954, -0.00002477, -0.00001717, 0.00232592, -0.00072949, 0.00072668, 0.71009006
/home/linusmg/Data/bigneuron/Both_GS_and_auto/0401_gold163_all_soma_sort_pixelsize/99/consensus.swc, 696.00000000, 6.55064799, 2.00000000, 116.00000000, 242.00000000, 127.00000000, 99.03900146, 114.12569427, 85.75299835, 1.37431153, 1129.33065265, 4959.36967990, 2045.39435274, 132.12873990, 294.90494472, 32.00000000, 0.98072302, 1.87190083, 0.73231471, 96.45697369, 98.47158831, 11472.00000000, 18672712.49259553, 91192062482392.56250000, 40635026313758441472.00000000, -0.05951047, -0.43951597, 0.00223281, 0.00088774, -0.00128132, -0.00213483, 0.00764098, -0.00309626, 0.00975012, 0.68819312
/home/linusmg/Data/bigneuron/Both_GS_and_auto/0401_gold163_all_soma_sort_pixelsize/9/consensus.swc, 379.00000000, 12.56637061, 2.00000000, 56.00000000, 119.00000000, 64.00000000, 79.99700546, 37.32000160, 60.83200073, 1.28288785, 623.46025974, 2501.94588390, 964.98016137, 53.99793607, 69.42149679, 16.00000000, 0.97152009, 2.17647059, 0.79641935, 100.58698668, 97.07008847, 6341.00000000, 2845480.39973461, 2328596557759.78369141, 439469270695687744.00000000, -0.01432865, -0.02018096, 0.00005415, 0.00000282, -0.00000645, 0.00000295, 0.00005186, -0.00021673, 0.00005068, 0.64408245
